2026-09-20 23:38:50,276 - TraderLoop - INFO - TraderLoop start requested.
2026-09-20 23:38:50,277 - TraderLoop - INFO - Trader Loop is now running...
2026-09-20 23:38:50,278 - TraderLoop - INFO - 🔄 [자동 동기화] 잔고 및 거래소 미체결 내역 동기화 실행
2026-09-20 23:38:50,336 - watchfiles.main - INFO - 5 changes detected
2026-09-20 23:39:08,570 - TraderLoop - INFO - [실전투자] 수동 매도 API 접수: 1000.0개 @ 699원 지정가 / 응답: {'uuid': 'C0907000000292323884', 'side': 'ask', 'ord_type': 'limit', 'price': '699', 'state': 'wait', 'market': 'KRW-ONDO', 'created_at': '2026-09-20T23:39:08+09:00', 'volume': '1000', 'remaining_volume': '1000', 'reserved_fee': '0', 'remaining_fee': '0', 'paid_fee': '0', 'locked': '1000', 'executed_volume': '0', 'executed_funds': '0', 'trades_count': 0, 'stp_type': 'cancel_taker'}
2026-09-20 23:41:05,143 - TraderLoop - INFO - [실전투자] 수동 매도 API 접수: 1000.0개 @ 649원 지정가 / 응답: {'uuid': 'C0907000000292324180', 'side': 'ask', 'ord_type': 'limit', 'price': '649', 'state': 'wait', 'market': 'KRW-ONDO', 'created_at': '2026-09-20T23:41:05+09:00', 'volume': '1000', 'remaining_volume': '1000', 'reserved_fee': '0', 'remaining_fee': '0', 'paid_fee': '0', 'locked': '1000', 'executed_volume': '0', 'executed_funds': '0', 'trades_count': 0, 'stp_type': 'cancel_taker'}
2026-09-20 23:41:06,023 - TraderLoop - INFO - [실전투자] 수동 매도 API 접수: 1000.0개 @ 599원 지정가 / 응답: {'uuid': 'C0907000000292324192', 'side': 'ask', 'ord_type': 'limit', 'price': '599', 'state': 'wait', 'market': 'KRW-ONDO', 'created_at': '2026-09-20T23:41:05+09:00', 'volume': '1000', 'remaining_volume': '1000', 'reserved_fee': '0', 'remaining_fee': '0', 'paid_fee': '0', 'locked': '1000', 'executed_volume': '0', 'executed_funds': '0', 'trades_count': 0, 'stp_type': 'cancel_taker'}
2026-09-20 23:41:06,923 - TraderLoop - INFO - [실전투자] 수동 매수 API 접수: 1000.0개 @ 501원 지정가 / 응답: {'uuid': 'C0907000000292324195', 'side': 'bid', 'ord_type': 'limit', 'price': '501', 'state': 'wait', 'market': 'KRW-ONDO', 'created_at': '2026-09-20T23:41:06+09:00', 'volume': '1000', 'remaining_volume': '1000', 'reserved_fee': '1252.5', 'remaining_fee': '1252.5', 'paid_fee': '0', 'locked': '502253.5', 'executed_volume': '0', 'executed_funds': '0', 'trades_count': 0, 'stp_type': 'cancel_taker'}
2026-09-20 23:41:07,903 - TraderLoop - INFO - [실전투자] 수동 매수 API 접수: 1000.0개 @ 491원 지정가 / 응답: {'uuid': 'C0907000000292324199', 'side': 'bid', 'ord_type': 'limit', 'price': '491', 'state': 'wait', 'market': 'KRW-ONDO', 'created_at': '2026-09-20T23:41:07+09:00', 'volume': '1000', 'remaining_volume': '1000', 'reserved_fee': '1227.5', 'remaining_fee': '1227.5', 'paid_fee': '0', 'locked': '492228.5', 'executed_volume': '0', 'executed_funds': '0', 'trades_count': 0, 'stp_type': 'cancel_taker'}
2026-09-20 23:41:07,914 - api_server - INFO - [BATCH] task=762f9ff6 완료: 4/4 성공
2026-09-20 23:41:23,181 - BithumbAPI - INFO - Cancel Response: {"uuid":"C0907000000292323884","side":"ask","ord_type":"limit","price":"699","state":"wait","market":"KRW-ONDO","created_at":"2026-09-20T23:39:08+09:00","volume":"1000","remaining_volume":"1000","reserved_fee":"0","remaining_fee":"0","paid_fee":"0","locked":"1000","executed_volume":"0","executed_funds":"0","trades_count":0,"stp_type":"cancel_taker"}
2026-09-20 23:42:41,022 - TraderLoop - INFO - [실전투자] 수동 매수 API 접수: 1.0개 @ 84,000원 지정가 / 응답: {'rt_cd': '7', 'msg_cd': 'APBK0919', 'msg1': '장운영일자가 주문일과 상이합니다'}
2026-09-20 23:43:03,041 - TraderLoop - INFO - 🔄 [설정 갱신] kis 기준가가 실시간 현재가(83500)로 초기화되었습니다.
2026-09-20 23:43:37,749 - TraderLoop - INFO - [실전투자] 수동 매도 API 접수: 10.0개 @ 85,900원 지정가 / 응답: {'rt_cd': '7', 'msg_cd': 'APBK0919', 'msg1': '장운영일자가 주문일과 상이합니다'}
2026-09-20 23:43:38,659 - TraderLoop - INFO - [실전투자] 수동 매수 API 접수: 10.0개 @ 81,100원 지정가 / 응답: {'rt_cd': '7', 'msg_cd': 'APBK0919', 'msg1': '장운영일자가 주문일과 상이합니다'}
2026-09-20 23:43:38,661 - api_server - INFO - [BATCH] task=2d322ba1 완료: 0/2 성공
2026-09-21 00:08:20,037 - watchfiles.main - INFO - 1 change detected
2026-09-21 00:08:20,301 - TraderLoop - INFO - TraderLoop stop requested.
2026-09-21 00:09:00,998 - TraderLoop - INFO - TraderLoop start requested.
2026-09-21 00:09:00,999 - TraderLoop - INFO - Trader Loop is now running...
2026-09-21 00:09:01,000 - TraderLoop - INFO - 🔄 [자동 동기화] 잔고 및 거래소 미체결 내역 동기화 실행
2026-09-21 00:09:01,072 - watchfiles.main - INFO - 5 changes detected
2026-09-21 00:09:21,385 - BithumbAPI - INFO - Cancel Response: {"uuid":"C0907000000292324180","side":"ask","ord_type":"limit","price":"649","state":"wait","market":"KRW-ONDO","created_at":"2026-09-20T23:41:05+09:00","volume":"1000","remaining_volume":"1000","reserved_fee":"0","remaining_fee":"0","paid_fee":"0","locked":"1000","executed_volume":"0","executed_funds":"0","trades_count":0,"stp_type":"cancel_taker"}
2026-09-21 00:09:34,711 - watchfiles.main - INFO - 1 change detected
2026-09-21 00:09:34,898 - TraderLoop - INFO - TraderLoop stop requested.
2026-09-21 00:10:24,695 - TraderLoop - INFO - TraderLoop start requested.
2026-09-21 00:10:24,697 - TraderLoop - INFO - Trader Loop is now running...
2026-09-21 00:10:24,697 - TraderLoop - INFO - 🔄 [자동 동기화] 잔고 및 거래소 미체결 내역 동기화 실행
2026-09-21 00:10:24,778 - watchfiles.main - INFO - 5 changes detected
2026-09-21 00:10:38,343 - BithumbAPI - INFO - Cancel Response: {"uuid":"C0907000000292324199","side":"bid","ord_type":"limit","price":"491","state":"wait","market":"KRW-ONDO","created_at":"2026-09-20T23:41:07+09:00","volume":"1000","remaining_volume":"1000","reserved_fee":"1227.5","remaining_fee":"1227.5","paid_fee":"0","locked":"492228.5","executed_volume":"0","executed_funds":"0","trades_count":0,"stp_type":"cancel_taker"}
2026-09-21 00:11:46,470 - watchfiles.main - INFO - 1 change detected
2026-09-21 00:11:46,620 - TraderLoop - INFO - TraderLoop stop requested.
2026-09-21 00:12:16,388 - TraderLoop - INFO - TraderLoop start requested.
2026-09-21 00:12:16,389 - TraderLoop - INFO - Trader Loop is now running...
2026-09-21 00:12:16,390 - TraderLoop - INFO - 🔄 [자동 동기화] 잔고 및 거래소 미체결 내역 동기화 실행
2026-09-21 00:12:16,483 - watchfiles.main - INFO - 5 changes detected
2026-09-21 00:15:22,095 - watchfiles.main - INFO - 1 change detected
2026-09-21 00:15:22,340 - TraderLoop - INFO - TraderLoop stop requested.
2026-09-21 00:15:56,594 - TraderLoop - INFO - TraderLoop start requested.
2026-09-21 00:15:56,596 - TraderLoop - INFO - Trader Loop is now running...
2026-09-21 00:15:56,596 - TraderLoop - INFO - 🔄 [자동 동기화] 잔고 및 거래소 미체결 내역 동기화 실행
2026-09-21 00:15:56,678 - watchfiles.main - INFO - 5 changes detected
2026-09-21 00:45:57,511 - TraderLoop - INFO - 🔄 [자동 동기화] 잔고 및 거래소 미체결 내역 동기화 실행
2026-09-21 00:52:52,202 - watchfiles.main - INFO - 1 change detected
2026-09-21 00:52:52,485 - TraderLoop - INFO - TraderLoop stop requested.
2026-09-21 00:53:56,129 - TraderLoop - INFO - TraderLoop start requested.
2026-09-21 00:53:56,189 - watchfiles.main - INFO - 5 changes detected
2026-09-21 00:53:56,775 - TraderLoop - INFO - Trader Loop is now running...
2026-09-21 00:53:56,775 - TraderLoop - INFO - 🔄 [자동 동기화] 잔고 및 거래소 미체결 내역 동기화 실행
2026-09-21 00:54:03,999 - TraderLoop - INFO - [실전투자] 수동 매수 API 접수: 10.0개 @ 10,000원 지정가 / 응답: {'error': {'name': 'over_price_limit_bid', 'message': '주문가격은 최대 2264.00 이하로 주문 가능합니다.'}}
2026-09-21 00:54:04,458 - TraderLoop - INFO - [실전투자] 수동 매도 API 접수: 10.0개 @ 20,000원 지정가 / 응답: {'error': {'name': 'over_price_limit_ask', 'message': '주문가격은 최대 2264.00 이하로 주문 가능합니다.'}}
2026-09-21 00:54:04,936 - BithumbAPI - INFO - Cancel Response: {"uuid":"C0907000000292324192","side":"ask","ord_type":"limit","price":"599","state":"wait","market":"KRW-ONDO","created_at":"2026-09-20T23:41:05+09:00","volume":"1000","remaining_volume":"1000","reserved_fee":"0","remaining_fee":"0","paid_fee":"0","locked":"1000","executed_volume":"0","executed_funds":"0","trades_count":0,"stp_type":"cancel_taker"}
2026-09-21 00:54:05,027 - watchfiles.main - INFO - 3 changes detected
2026-09-21 00:54:05,515 - BithumbAPI - INFO - Cancel Response: {"uuid":"C0907000000292324195","side":"bid","ord_type":"limit","price":"501","state":"wait","market":"KRW-ONDO","created_at":"2026-09-20T23:41:06+09:00","volume":"1000","remaining_volume":"1000","reserved_fee":"1252.5","remaining_fee":"1252.5","paid_fee":"0","locked":"502253.5","executed_volume":"0","executed_funds":"0","trades_count":0,"stp_type":"cancel_taker"}
2026-09-21 00:54:05,582 - watchfiles.main - INFO - 3 changes detected
2026-09-21 00:54:05,603 - TraderLoop - INFO - [bithumb_real] 포지션 및 미체결 주문 일괄 취소 (DB 초기화)
2026-09-21 00:54:05,943 - watchfiles.main - INFO - 3 changes detected
2026-09-21 00:55:35,115 - TraderLoop - INFO - TraderLoop start requested.
2026-09-21 00:55:35,202 - watchfiles.main - INFO - 5 changes detected
2026-09-21 00:55:35,676 - TraderLoop - INFO - Trader Loop is now running...
2026-09-21 00:55:35,677 - TraderLoop - INFO - 🔄 [자동 동기화] 잔고 및 거래소 미체결 내역 동기화 실행
2026-09-21 00:58:29,666 - TraderLoop - INFO - TraderLoop start requested.
2026-09-21 00:58:30,190 - TraderLoop - INFO - Trader Loop is now running...
2026-09-21 00:58:30,190 - TraderLoop - INFO - 🔄 [자동 동기화] 잔고 및 거래소 미체결 내역 동기화 실행
2026-09-21 00:58:36,936 - TraderLoop - INFO - [실전투자] 수동 매수 API 접수: 10.0개 @ 10,000원 지정가 / 응답: {'error': {'name': 'over_price_limit_bid', 'message': '주문가격은 최대 2272.00 이하로 주문 가능합니다.'}}
2026-09-21 00:58:37,443 - TraderLoop - INFO - [실전투자] 수동 매도 API 접수: 10.0개 @ 20,000원 지정가 / 응답: {'error': {'name': 'over_price_limit_ask', 'message': '주문가격은 최대 2272.00 이하로 주문 가능합니다.'}}
2026-09-21 00:58:37,454 - TraderLoop - INFO - [bithumb_real] 포지션 및 미체결 주문 일괄 취소 (DB 초기화)
2026-09-21 00:59:03,979 - TraderLoop - INFO - TraderLoop start requested.
2026-09-21 00:59:04,459 - TraderLoop - INFO - Trader Loop is now running...
2026-09-21 00:59:04,460 - TraderLoop - INFO - 🔄 [자동 동기화] 잔고 및 거래소 미체결 내역 동기화 실행
2026-09-21 00:59:13,343 - TraderLoop - INFO - [실전투자] 수동 매수 API 접수: 10.0개 @ 10,000원 지정가 / 응답: {'error': {'name': 'over_price_limit_bid', 'message': '주문가격은 최대 2276.00 이하로 주문 가능합니다.'}}
2026-09-21 00:59:13,793 - TraderLoop - INFO - [실전투자] 수동 매도 API 접수: 10.0개 @ 20,000원 지정가 / 응답: {'error': {'name': 'over_price_limit_ask', 'message': '주문가격은 최대 2276.00 이하로 주문 가능합니다.'}}
2026-09-21 00:59:13,805 - TraderLoop - INFO - [bithumb_real] 포지션 및 미체결 주문 일괄 취소 (DB 초기화)
2026-09-21 00:59:24,208 - watchfiles.main - INFO - 3 changes detected
2026-09-21 00:59:55,307 - watchfiles.main - INFO - 3 changes detected
2026-09-21 01:03:15,797 - TraderLoop - INFO - TraderLoop start requested.
2026-09-21 01:03:16,345 - TraderLoop - INFO - Trader Loop is now running...
2026-09-21 01:03:16,345 - TraderLoop - INFO - 🔄 [자동 동기화] 잔고 및 거래소 미체결 내역 동기화 실행
2026-09-21 01:03:47,013 - watchfiles.main - INFO - 3 changes detected
2026-09-21 01:04:35,343 - watchfiles.main - INFO - 1 change detected
2026-09-21 01:04:35,703 - watchfiles.main - INFO - 1 change detected
2026-09-21 01:04:36,056 - watchfiles.main - INFO - 1 change detected
2026-09-21 01:04:36,457 - watchfiles.main - INFO - 1 change detected
2026-09-21 01:04:36,869 - watchfiles.main - INFO - 1 change detected
2026-09-21 01:04:37,279 - watchfiles.main - INFO - 1 change detected
2026-09-21 01:04:37,689 - watchfiles.main - INFO - 1 change detected
2026-09-21 01:04:38,101 - watchfiles.main - INFO - 1 change detected
2026-09-21 01:04:38,511 - watchfiles.main - INFO - 1 change detected
2026-09-21 01:04:38,924 - watchfiles.main - INFO - 1 change detected
2026-09-21 01:04:39,335 - watchfiles.main - INFO - 1 change detected
2026-09-21 01:04:39,748 - watchfiles.main - INFO - 1 change detected
2026-09-21 01:04:40,158 - watchfiles.main - INFO - 1 change detected
2026-09-21 01:04:40,520 - watchfiles.main - INFO - 1 change detected
2026-09-21 01:04:40,923 - watchfiles.main - INFO - 1 change detected
2026-09-21 01:04:41,333 - watchfiles.main - INFO - 1 change detected
2026-09-21 01:04:41,744 - watchfiles.main - INFO - 1 change detected
2026-09-21 01:04:42,157 - watchfiles.main - INFO - 1 change detected
2026-09-21 01:04:42,566 - watchfiles.main - INFO - 1 change detected
2026-09-21 01:04:42,927 - watchfiles.main - INFO - 1 change detected
2026-09-21 01:04:43,332 - watchfiles.main - INFO - 1 change detected
2026-09-21 01:04:43,746 - watchfiles.main - INFO - 1 change detected
2026-09-21 01:04:44,157 - watchfiles.main - INFO - 1 change detected
2026-09-21 01:04:44,569 - watchfiles.main - INFO - 1 change detected
2026-09-21 01:04:44,929 - watchfiles.main - INFO - 1 change detected
2026-09-21 01:04:45,381 - watchfiles.main - INFO - 1 change detected
2026-09-21 01:04:45,740 - watchfiles.main - INFO - 1 change detected
2026-09-21 01:04:46,155 - watchfiles.main - INFO - 1 change detected
2026-09-21 01:04:46,515 - watchfiles.main - INFO - 1 change detected
2026-09-21 01:04:46,930 - watchfiles.main - INFO - 1 change detected
2026-09-21 01:04:47,343 - watchfiles.main - INFO - 1 change detected
2026-09-21 01:04:47,752 - watchfiles.main - INFO - 1 change detected
2026-09-21 01:04:48,111 - watchfiles.main - INFO - 1 change detected
2026-09-21 01:04:48,526 - watchfiles.main - INFO - 1 change detected
2026-09-21 01:04:48,936 - watchfiles.main - INFO - 1 change detected
2026-09-21 01:04:49,350 - watchfiles.main - INFO - 1 change detected
2026-09-21 01:04:49,765 - watchfiles.main - INFO - 1 change detected
2026-09-21 01:04:50,129 - watchfiles.main - INFO - 1 change detected
2026-09-21 01:04:50,531 - watchfiles.main - INFO - 1 change detected
2026-09-21 01:04:50,943 - watchfiles.main - INFO - 1 change detected
2026-09-21 01:04:51,355 - watchfiles.main - INFO - 1 change detected
2026-09-21 01:04:51,718 - watchfiles.main - INFO - 1 change detected
2026-09-21 01:04:52,133 - watchfiles.main - INFO - 1 change detected
2026-09-21 01:04:52,547 - watchfiles.main - INFO - 1 change detected
2026-09-21 01:04:52,956 - watchfiles.main - INFO - 1 change detected
2026-09-21 01:04:53,319 - watchfiles.main - INFO - 1 change detected
2026-09-21 01:04:53,720 - watchfiles.main - INFO - 1 change detected
2026-09-21 01:04:54,136 - watchfiles.main - INFO - 1 change detected
2026-09-21 01:04:54,549 - watchfiles.main - INFO - 1 change detected
2026-09-21 01:04:54,964 - watchfiles.main - INFO - 1 change detected
2026-09-21 01:04:55,327 - watchfiles.main - INFO - 1 change detected
2026-09-21 01:04:55,743 - watchfiles.main - INFO - 1 change detected
2026-09-21 01:04:56,152 - watchfiles.main - INFO - 1 change detected
2026-09-21 01:04:56,562 - watchfiles.main - INFO - 1 change detected
2026-09-21 01:04:56,926 - watchfiles.main - INFO - 1 change detected
2026-09-21 01:04:57,378 - watchfiles.main - INFO - 1 change detected
2026-09-21 01:04:57,737 - watchfiles.main - INFO - 1 change detected
2026-09-21 01:04:58,152 - watchfiles.main - INFO - 1 change detected
2026-09-21 01:04:58,516 - watchfiles.main - INFO - 1 change detected
2026-09-21 01:04:58,932 - watchfiles.main - INFO - 1 change detected
2026-09-21 01:04:59,343 - watchfiles.main - INFO - 1 change detected
2026-09-21 01:04:59,753 - watchfiles.main - INFO - 1 change detected
2026-09-21 01:05:00,163 - watchfiles.main - INFO - 1 change detected
2026-09-21 01:05:00,576 - watchfiles.main - INFO - 1 change detected
2026-09-21 01:05:00,989 - watchfiles.main - INFO - 1 change detected
2026-09-21 01:05:01,397 - watchfiles.main - INFO - 1 change detected
2026-09-21 01:05:01,758 - watchfiles.main - INFO - 1 change detected
2026-09-21 01:05:02,175 - watchfiles.main - INFO - 1 change detected
2026-09-21 01:05:02,588 - watchfiles.main - INFO - 1 change detected
2026-09-21 01:05:03,000 - watchfiles.main - INFO - 1 change detected
2026-09-21 01:05:03,414 - watchfiles.main - INFO - 1 change detected
2026-09-21 01:05:03,775 - watchfiles.main - INFO - 1 change detected
2026-09-21 01:05:04,190 - watchfiles.main - INFO - 1 change detected
2026-09-21 01:05:04,602 - watchfiles.main - INFO - 1 change detected
2026-09-21 01:05:05,013 - watchfiles.main - INFO - 1 change detected
2026-09-21 01:05:05,424 - watchfiles.main - INFO - 1 change detected
2026-09-21 01:05:05,836 - watchfiles.main - INFO - 1 change detected
2026-09-21 01:05:06,198 - watchfiles.main - INFO - 1 change detected
2026-09-21 01:05:06,614 - watchfiles.main - INFO - 1 change detected
2026-09-21 01:05:07,024 - watchfiles.main - INFO - 1 change detected
2026-09-21 01:05:07,384 - watchfiles.main - INFO - 1 change detected
2026-09-21 01:05:07,797 - watchfiles.main - INFO - 1 change detected
2026-09-21 01:05:08,211 - watchfiles.main - INFO - 1 change detected
2026-09-21 01:05:08,622 - watchfiles.main - INFO - 1 change detected
2026-09-21 01:05:09,034 - watchfiles.main - INFO - 1 change detected
2026-09-21 01:05:09,449 - watchfiles.main - INFO - 1 change detected
2026-09-21 01:05:09,812 - watchfiles.main - INFO - 1 change detected
2026-09-21 01:05:10,215 - watchfiles.main - INFO - 1 change detected
2026-09-21 01:05:10,626 - watchfiles.main - INFO - 1 change detected
2026-09-21 01:05:11,040 - watchfiles.main - INFO - 1 change detected
2026-09-21 01:05:11,402 - watchfiles.main - INFO - 1 change detected
2026-09-21 01:05:11,815 - watchfiles.main - INFO - 1 change detected
2026-09-21 01:05:12,227 - watchfiles.main - INFO - 1 change detected
2026-09-21 01:05:12,587 - watchfiles.main - INFO - 1 change detected
2026-09-21 01:05:12,999 - watchfiles.main - INFO - 1 change detected
2026-09-21 01:05:13,411 - watchfiles.main - INFO - 1 change detected
2026-09-21 01:05:13,821 - watchfiles.main - INFO - 1 change detected
2026-09-21 01:05:14,232 - watchfiles.main - INFO - 1 change detected
2026-09-21 01:05:14,594 - watchfiles.main - INFO - 1 change detected
2026-09-21 01:05:15,010 - watchfiles.main - INFO - 1 change detected
2026-09-21 01:05:15,419 - watchfiles.main - INFO - 1 change detected
2026-09-21 01:05:15,782 - watchfiles.main - INFO - 1 change detected
2026-09-21 01:05:16,198 - watchfiles.main - INFO - 1 change detected
2026-09-21 01:05:16,611 - watchfiles.main - INFO - 1 change detected
2026-09-21 01:05:17,024 - watchfiles.main - INFO - 1 change detected
2026-09-21 01:05:17,434 - watchfiles.main - INFO - 1 change detected
2026-09-21 01:05:17,846 - watchfiles.main - INFO - 1 change detected
2026-09-21 01:05:18,259 - watchfiles.main - INFO - 1 change detected
2026-09-21 01:05:18,620 - watchfiles.main - INFO - 1 change detected
2026-09-21 01:05:19,034 - watchfiles.main - INFO - 1 change detected
2026-09-21 01:05:19,440 - watchfiles.main - INFO - 1 change detected
2026-09-21 01:05:19,849 - watchfiles.main - INFO - 1 change detected
2026-09-21 01:05:20,210 - watchfiles.main - INFO - 1 change detected
2026-09-21 01:05:20,664 - watchfiles.main - INFO - 1 change detected
2026-09-21 01:05:21,070 - watchfiles.main - INFO - 1 change detected
2026-09-21 01:05:21,483 - watchfiles.main - INFO - 1 change detected
2026-09-21 01:05:21,895 - watchfiles.main - INFO - 1 change detected
2026-09-21 01:05:22,256 - watchfiles.main - INFO - 1 change detected
2026-09-21 01:05:22,658 - watchfiles.main - INFO - 1 change detected
2026-09-21 01:05:23,069 - watchfiles.main - INFO - 1 change detected
2026-09-21 01:05:23,477 - watchfiles.main - INFO - 1 change detected
2026-09-21 01:05:23,838 - watchfiles.main - INFO - 1 change detected
2026-09-21 01:05:24,240 - watchfiles.main - INFO - 1 change detected
2026-09-21 01:05:24,653 - watchfiles.main - INFO - 1 change detected
2026-09-21 01:05:25,065 - watchfiles.main - INFO - 1 change detected
2026-09-21 01:05:25,478 - watchfiles.main - INFO - 1 change detected
2026-09-21 01:05:25,890 - watchfiles.main - INFO - 1 change detected
2026-09-21 01:05:26,302 - watchfiles.main - INFO - 1 change detected
2026-09-21 01:05:26,662 - watchfiles.main - INFO - 1 change detected
2026-09-21 01:05:27,078 - watchfiles.main - INFO - 1 change detected
2026-09-21 01:05:27,490 - watchfiles.main - INFO - 1 change detected
2026-09-21 01:05:27,902 - watchfiles.main - INFO - 1 change detected
2026-09-21 01:05:28,265 - watchfiles.main - INFO - 1 change detected
2026-09-21 01:05:28,718 - watchfiles.main - INFO - 1 change detected
2026-09-21 01:05:29,124 - watchfiles.main - INFO - 1 change detected
2026-09-21 01:05:29,539 - watchfiles.main - INFO - 1 change detected
2026-09-21 01:05:29,951 - watchfiles.main - INFO - 1 change detected
2026-09-21 01:05:30,362 - watchfiles.main - INFO - 1 change detected
2026-09-21 01:05:30,720 - watchfiles.main - INFO - 1 change detected
2026-09-21 01:05:31,137 - watchfiles.main - INFO - 1 change detected
2026-09-21 01:05:31,548 - watchfiles.main - INFO - 1 change detected
2026-09-21 01:05:31,959 - watchfiles.main - INFO - 1 change detected
2026-09-21 01:05:32,370 - watchfiles.main - INFO - 1 change detected
2026-09-21 01:05:32,736 - watchfiles.main - INFO - 1 change detected
2026-09-21 01:05:33,200 - watchfiles.main - INFO - 1 change detected
2026-09-21 01:05:33,608 - watchfiles.main - INFO - 1 change detected
2026-09-21 01:05:34,009 - watchfiles.main - INFO - 1 change detected
2026-09-21 01:05:34,369 - watchfiles.main - INFO - 1 change detected
2026-09-21 01:05:34,773 - watchfiles.main - INFO - 1 change detected
2026-09-21 01:05:35,187 - watchfiles.main - INFO - 1 change detected
2026-09-21 01:05:35,598 - watchfiles.main - INFO - 1 change detected
2026-09-21 01:05:36,009 - watchfiles.main - INFO - 1 change detected
2026-09-21 01:05:36,369 - watchfiles.main - INFO - 1 change detected
2026-09-21 01:05:36,821 - watchfiles.main - INFO - 1 change detected
2026-09-21 01:05:37,227 - watchfiles.main - INFO - 1 change detected
2026-09-21 01:05:37,589 - watchfiles.main - INFO - 1 change detected
2026-09-21 01:05:38,041 - watchfiles.main - INFO - 1 change detected
2026-09-21 01:05:38,447 - watchfiles.main - INFO - 1 change detected
2026-09-21 01:05:38,812 - watchfiles.main - INFO - 1 change detected
2026-09-21 01:05:39,228 - watchfiles.main - INFO - 1 change detected
2026-09-21 01:05:39,590 - watchfiles.main - INFO - 1 change detected
2026-09-21 01:05:40,042 - watchfiles.main - INFO - 1 change detected
2026-09-21 01:05:40,399 - watchfiles.main - INFO - 1 change detected
2026-09-21 01:05:40,813 - watchfiles.main - INFO - 1 change detected
2026-09-21 01:05:41,176 - watchfiles.main - INFO - 1 change detected
2026-09-21 01:05:41,593 - watchfiles.main - INFO - 1 change detected
2026-09-21 01:05:42,005 - watchfiles.main - INFO - 1 change detected
2026-09-21 01:05:42,363 - watchfiles.main - INFO - 1 change detected
2026-09-21 01:05:42,777 - watchfiles.main - INFO - 1 change detected
2026-09-21 01:05:43,184 - watchfiles.main - INFO - 1 change detected
2026-09-21 01:05:43,596 - watchfiles.main - INFO - 1 change detected
2026-09-21 01:05:44,006 - watchfiles.main - INFO - 1 change detected
2026-09-21 01:05:44,420 - watchfiles.main - INFO - 1 change detected
2026-09-21 01:05:44,781 - watchfiles.main - INFO - 1 change detected
2026-09-21 01:05:45,185 - watchfiles.main - INFO - 1 change detected
2026-09-21 01:05:45,595 - watchfiles.main - INFO - 1 change detected
2026-09-21 01:05:46,008 - watchfiles.main - INFO - 1 change detected
2026-09-21 01:05:46,368 - watchfiles.main - INFO - 1 change detected
2026-09-21 01:05:46,783 - watchfiles.main - INFO - 1 change detected
2026-09-21 01:05:47,196 - watchfiles.main - INFO - 1 change detected
2026-09-21 01:05:47,610 - watchfiles.main - INFO - 1 change detected
2026-09-21 01:05:48,022 - watchfiles.main - INFO - 1 change detected
2026-09-21 01:05:48,432 - watchfiles.main - INFO - 1 change detected
2026-09-21 01:05:48,796 - watchfiles.main - INFO - 1 change detected
2026-09-21 01:05:49,210 - watchfiles.main - INFO - 1 change detected
2026-09-21 01:05:49,625 - watchfiles.main - INFO - 1 change detected
2026-09-21 01:05:49,987 - watchfiles.main - INFO - 1 change detected
2026-09-21 01:05:50,403 - watchfiles.main - INFO - 1 change detected
2026-09-21 01:05:50,812 - watchfiles.main - INFO - 1 change detected
2026-09-21 01:05:51,222 - watchfiles.main - INFO - 1 change detected
2026-09-21 01:05:51,634 - watchfiles.main - INFO - 1 change detected
2026-09-21 01:05:52,045 - watchfiles.main - INFO - 1 change detected
2026-09-21 01:05:52,408 - watchfiles.main - INFO - 1 change detected
2026-09-21 01:05:52,820 - watchfiles.main - INFO - 1 change detected
2026-09-21 01:05:53,235 - watchfiles.main - INFO - 1 change detected
2026-09-21 01:05:53,645 - watchfiles.main - INFO - 1 change detected
2026-09-21 01:05:54,056 - watchfiles.main - INFO - 1 change detected
2026-09-21 01:05:54,468 - watchfiles.main - INFO - 1 change detected
2026-09-21 01:05:54,881 - watchfiles.main - INFO - 1 change detected
2026-09-21 01:05:55,293 - watchfiles.main - INFO - 1 change detected
2026-09-21 01:05:55,702 - watchfiles.main - INFO - 1 change detected
2026-09-21 01:05:56,113 - watchfiles.main - INFO - 1 change detected
2026-09-21 01:05:56,477 - watchfiles.main - INFO - 1 change detected
2026-09-21 01:05:56,878 - watchfiles.main - INFO - 1 change detected
2026-09-21 01:05:57,291 - watchfiles.main - INFO - 1 change detected
2026-09-21 01:05:57,704 - watchfiles.main - INFO - 1 change detected
2026-09-21 01:05:58,067 - watchfiles.main - INFO - 1 change detected
2026-09-21 01:05:58,483 - watchfiles.main - INFO - 1 change detected
2026-09-21 01:05:58,897 - watchfiles.main - INFO - 1 change detected
2026-09-21 01:05:59,258 - watchfiles.main - INFO - 1 change detected
2026-09-21 01:05:59,674 - watchfiles.main - INFO - 1 change detected
2026-09-21 01:06:00,088 - watchfiles.main - INFO - 1 change detected
2026-09-21 01:06:00,449 - watchfiles.main - INFO - 1 change detected
2026-09-21 01:06:00,865 - watchfiles.main - INFO - 1 change detected
2026-09-21 01:06:01,277 - watchfiles.main - INFO - 1 change detected
2026-09-21 01:06:01,638 - watchfiles.main - INFO - 1 change detected
2026-09-21 01:06:02,042 - watchfiles.main - INFO - 1 change detected
2026-09-21 01:06:02,452 - watchfiles.main - INFO - 1 change detected
2026-09-21 01:06:02,863 - watchfiles.main - INFO - 1 change detected
2026-09-21 01:06:03,224 - watchfiles.main - INFO - 1 change detected
2026-09-21 01:06:03,638 - watchfiles.main - INFO - 1 change detected
2026-09-21 01:06:04,049 - watchfiles.main - INFO - 1 change detected
2026-09-21 01:06:04,459 - watchfiles.main - INFO - 1 change detected
2026-09-21 01:06:04,821 - watchfiles.main - INFO - 1 change detected
2026-09-21 01:06:05,235 - watchfiles.main - INFO - 1 change detected
2026-09-21 01:06:05,649 - watchfiles.main - INFO - 1 change detected
2026-09-21 01:06:06,062 - watchfiles.main - INFO - 1 change detected
2026-09-21 01:06:06,471 - watchfiles.main - INFO - 1 change detected
2026-09-21 01:06:06,883 - watchfiles.main - INFO - 1 change detected
2026-09-21 01:06:07,295 - watchfiles.main - INFO - 1 change detected
2026-09-21 01:06:07,703 - watchfiles.main - INFO - 1 change detected
2026-09-21 01:06:08,117 - watchfiles.main - INFO - 1 change detected
2026-09-21 01:06:08,479 - watchfiles.main - INFO - 1 change detected
2026-09-21 01:06:08,896 - watchfiles.main - INFO - 1 change detected
2026-09-21 01:06:09,310 - watchfiles.main - INFO - 1 change detected
2026-09-21 01:06:09,670 - watchfiles.main - INFO - 1 change detected
2026-09-21 01:06:10,086 - watchfiles.main - INFO - 1 change detected
2026-09-21 01:06:10,501 - watchfiles.main - INFO - 1 change detected
2026-09-21 01:06:10,912 - watchfiles.main - INFO - 1 change detected
2026-09-21 01:06:11,273 - watchfiles.main - INFO - 1 change detected
2026-09-21 01:06:11,728 - watchfiles.main - INFO - 1 change detected
2026-09-21 01:06:12,085 - watchfiles.main - INFO - 1 change detected
2026-09-21 01:06:12,498 - watchfiles.main - INFO - 1 change detected
2026-09-21 01:06:12,908 - watchfiles.main - INFO - 1 change detected
2026-09-21 01:06:13,320 - watchfiles.main - INFO - 1 change detected
2026-09-21 01:06:13,733 - watchfiles.main - INFO - 1 change detected
2026-09-21 01:06:14,095 - watchfiles.main - INFO - 1 change detected
2026-09-21 01:06:14,497 - watchfiles.main - INFO - 1 change detected
2026-09-21 01:06:14,910 - watchfiles.main - INFO - 1 change detected
2026-09-21 01:06:15,323 - watchfiles.main - INFO - 1 change detected
2026-09-21 01:06:15,682 - watchfiles.main - INFO - 1 change detected
2026-09-21 01:06:16,099 - watchfiles.main - INFO - 1 change detected
2026-09-21 01:06:16,512 - watchfiles.main - INFO - 1 change detected
2026-09-21 01:06:16,924 - watchfiles.main - INFO - 1 change detected
2026-09-21 01:06:17,287 - watchfiles.main - INFO - 1 change detected
2026-09-21 01:06:17,738 - watchfiles.main - INFO - 1 change detected
2026-09-21 01:06:18,147 - watchfiles.main - INFO - 1 change detected
2026-09-21 01:06:18,557 - watchfiles.main - INFO - 1 change detected
2026-09-21 01:06:18,917 - watchfiles.main - INFO - 1 change detected
2026-09-21 01:06:19,331 - watchfiles.main - INFO - 1 change detected
2026-09-21 01:06:19,744 - watchfiles.main - INFO - 1 change detected
2026-09-21 01:06:20,104 - watchfiles.main - INFO - 1 change detected
2026-09-21 01:06:20,520 - watchfiles.main - INFO - 1 change detected
2026-09-21 01:06:20,935 - watchfiles.main - INFO - 1 change detected
2026-09-21 01:06:21,293 - watchfiles.main - INFO - 1 change detected
2026-09-21 01:06:21,708 - watchfiles.main - INFO - 1 change detected
2026-09-21 01:06:22,118 - watchfiles.main - INFO - 1 change detected
2026-09-21 01:06:22,529 - watchfiles.main - INFO - 1 change detected
2026-09-21 01:06:22,943 - watchfiles.main - INFO - 1 change detected
2026-09-21 01:06:23,352 - watchfiles.main - INFO - 1 change detected
2026-09-21 01:06:23,762 - watchfiles.main - INFO - 1 change detected
2026-09-21 01:06:24,121 - watchfiles.main - INFO - 1 change detected
2026-09-21 01:06:24,537 - watchfiles.main - INFO - 1 change detected
2026-09-21 01:06:24,949 - watchfiles.main - INFO - 1 change detected
2026-09-21 01:06:25,361 - watchfiles.main - INFO - 1 change detected
2026-09-21 01:06:25,769 - watchfiles.main - INFO - 1 change detected
2026-09-21 01:06:26,130 - watchfiles.main - INFO - 1 change detected
2026-09-21 01:06:26,547 - watchfiles.main - INFO - 1 change detected
2026-09-21 01:06:26,957 - watchfiles.main - INFO - 1 change detected
2026-09-21 01:06:27,369 - watchfiles.main - INFO - 1 change detected
2026-09-21 01:06:27,781 - watchfiles.main - INFO - 1 change detected
2026-09-21 01:06:28,192 - watchfiles.main - INFO - 1 change detected
2026-09-21 01:06:28,551 - watchfiles.main - INFO - 1 change detected
2026-09-21 01:06:28,968 - watchfiles.main - INFO - 1 change detected
2026-09-21 01:06:29,379 - watchfiles.main - INFO - 1 change detected
2026-09-21 01:06:29,790 - watchfiles.main - INFO - 1 change detected
2026-09-21 01:06:30,152 - watchfiles.main - INFO - 1 change detected
2026-09-21 01:06:30,566 - watchfiles.main - INFO - 1 change detected
2026-09-21 01:06:30,979 - watchfiles.main - INFO - 1 change detected
2026-09-21 01:06:31,390 - watchfiles.main - INFO - 1 change detected
2026-09-21 01:06:31,802 - watchfiles.main - INFO - 1 change detected
2026-09-21 01:06:32,162 - watchfiles.main - INFO - 1 change detected
2026-09-21 01:06:32,564 - watchfiles.main - INFO - 1 change detected
2026-09-21 01:06:32,977 - watchfiles.main - INFO - 1 change detected
2026-09-21 01:06:33,388 - watchfiles.main - INFO - 1 change detected
2026-09-21 01:06:33,748 - watchfiles.main - INFO - 1 change detected
2026-09-21 01:06:34,164 - watchfiles.main - INFO - 1 change detected
2026-09-21 01:06:34,573 - watchfiles.main - INFO - 1 change detected
2026-09-21 01:06:34,987 - watchfiles.main - INFO - 1 change detected
2026-09-21 01:06:35,349 - watchfiles.main - INFO - 1 change detected
2026-09-21 01:06:35,765 - watchfiles.main - INFO - 1 change detected
2026-09-21 01:06:36,177 - watchfiles.main - INFO - 1 change detected
2026-09-21 01:06:36,540 - watchfiles.main - INFO - 1 change detected
2026-09-21 01:06:36,956 - watchfiles.main - INFO - 1 change detected
2026-09-21 01:06:37,366 - watchfiles.main - INFO - 1 change detected
2026-09-21 01:06:37,777 - watchfiles.main - INFO - 1 change detected
2026-09-21 01:06:38,141 - watchfiles.main - INFO - 1 change detected
2026-09-21 01:06:38,556 - watchfiles.main - INFO - 1 change detected
2026-09-21 01:06:38,965 - watchfiles.main - INFO - 1 change detected
2026-09-21 01:06:39,374 - watchfiles.main - INFO - 1 change detected
2026-09-21 01:06:39,736 - watchfiles.main - INFO - 1 change detected
2026-09-21 01:06:40,151 - watchfiles.main - INFO - 1 change detected
2026-09-21 01:06:40,564 - watchfiles.main - INFO - 1 change detected
2026-09-21 01:06:40,978 - watchfiles.main - INFO - 1 change detected
2026-09-21 01:06:41,392 - watchfiles.main - INFO - 1 change detected
2026-09-21 01:06:41,805 - watchfiles.main - INFO - 1 change detected
2026-09-21 01:06:42,165 - watchfiles.main - INFO - 1 change detected
2026-09-21 01:06:42,579 - watchfiles.main - INFO - 1 change detected
2026-09-21 01:06:42,988 - watchfiles.main - INFO - 1 change detected
2026-09-21 01:06:43,350 - watchfiles.main - INFO - 1 change detected
2026-09-21 01:06:43,764 - watchfiles.main - INFO - 1 change detected
2026-09-21 01:06:44,176 - watchfiles.main - INFO - 1 change detected
2026-09-21 01:06:44,537 - watchfiles.main - INFO - 1 change detected
2026-09-21 01:06:44,952 - watchfiles.main - INFO - 1 change detected
2026-09-21 01:06:45,366 - watchfiles.main - INFO - 1 change detected
2026-09-21 01:06:45,778 - watchfiles.main - INFO - 1 change detected
2026-09-21 01:06:46,192 - watchfiles.main - INFO - 1 change detected
2026-09-21 01:06:46,602 - watchfiles.main - INFO - 1 change detected
2026-09-21 01:06:47,017 - watchfiles.main - INFO - 1 change detected
2026-09-21 01:06:47,429 - watchfiles.main - INFO - 1 change detected
2026-09-21 01:06:47,789 - watchfiles.main - INFO - 1 change detected
2026-09-21 01:06:48,204 - watchfiles.main - INFO - 1 change detected
2026-09-21 01:06:48,613 - watchfiles.main - INFO - 1 change detected
2026-09-21 01:06:48,978 - watchfiles.main - INFO - 1 change detected
2026-09-21 01:06:49,392 - watchfiles.main - INFO - 1 change detected
2026-09-21 01:06:49,802 - watchfiles.main - INFO - 1 change detected
2026-09-21 01:06:50,163 - watchfiles.main - INFO - 1 change detected
2026-09-21 01:06:50,577 - watchfiles.main - INFO - 1 change detected
2026-09-21 01:06:50,988 - watchfiles.main - INFO - 1 change detected
2026-09-21 01:06:51,349 - watchfiles.main - INFO - 1 change detected
2026-09-21 01:06:51,750 - watchfiles.main - INFO - 1 change detected
2026-09-21 01:06:52,162 - watchfiles.main - INFO - 1 change detected
2026-09-21 01:06:52,574 - watchfiles.main - INFO - 1 change detected
2026-09-21 01:06:52,985 - watchfiles.main - INFO - 1 change detected
2026-09-21 01:06:53,348 - watchfiles.main - INFO - 1 change detected
2026-09-21 01:06:53,762 - watchfiles.main - INFO - 1 change detected
2026-09-21 01:06:54,174 - watchfiles.main - INFO - 1 change detected
2026-09-21 01:06:54,587 - watchfiles.main - INFO - 1 change detected
2026-09-21 01:06:54,949 - watchfiles.main - INFO - 1 change detected
2026-09-21 01:06:55,404 - watchfiles.main - INFO - 1 change detected
2026-09-21 01:06:55,809 - watchfiles.main - INFO - 1 change detected
2026-09-21 01:06:56,168 - watchfiles.main - INFO - 1 change detected
2026-09-21 01:06:56,583 - watchfiles.main - INFO - 1 change detected
2026-09-21 01:06:56,993 - watchfiles.main - INFO - 1 change detected
2026-09-21 01:06:57,409 - watchfiles.main - INFO - 1 change detected
2026-09-21 01:06:57,768 - watchfiles.main - INFO - 1 change detected
2026-09-21 01:06:58,220 - watchfiles.main - INFO - 1 change detected
2026-09-21 01:06:58,578 - watchfiles.main - INFO - 1 change detected
2026-09-21 01:06:58,995 - watchfiles.main - INFO - 1 change detected
2026-09-21 01:06:59,406 - watchfiles.main - INFO - 1 change detected
2026-09-21 01:06:59,817 - watchfiles.main - INFO - 1 change detected
2026-09-21 01:07:00,227 - watchfiles.main - INFO - 1 change detected
2026-09-21 01:07:00,638 - watchfiles.main - INFO - 1 change detected
2026-09-21 01:07:01,049 - watchfiles.main - INFO - 1 change detected
2026-09-21 01:07:01,413 - watchfiles.main - INFO - 1 change detected
2026-09-21 01:07:01,815 - watchfiles.main - INFO - 1 change detected
2026-09-21 01:07:02,225 - watchfiles.main - INFO - 1 change detected
2026-09-21 01:07:02,637 - watchfiles.main - INFO - 1 change detected
2026-09-21 01:07:03,049 - watchfiles.main - INFO - 1 change detected
2026-09-21 01:07:03,413 - watchfiles.main - INFO - 1 change detected
2026-09-21 01:07:03,826 - watchfiles.main - INFO - 1 change detected
2026-09-21 01:07:04,237 - watchfiles.main - INFO - 1 change detected
2026-09-21 01:07:04,649 - watchfiles.main - INFO - 1 change detected
2026-09-21 01:07:05,061 - watchfiles.main - INFO - 1 change detected
2026-09-21 01:07:05,477 - watchfiles.main - INFO - 1 change detected
2026-09-21 01:07:05,888 - watchfiles.main - INFO - 1 change detected
2026-09-21 01:07:06,246 - watchfiles.main - INFO - 1 change detected
2026-09-21 01:07:06,649 - watchfiles.main - INFO - 1 change detected
2026-09-21 01:07:07,009 - watchfiles.main - INFO - 1 change detected
2026-09-21 01:07:07,362 - watchfiles.main - INFO - 1 change detected
2026-09-21 01:07:08,420 - watchfiles.main - INFO - 1 change detected
2026-09-21 01:07:08,883 - watchfiles.main - INFO - 1 change detected
2026-09-21 01:07:09,234 - watchfiles.main - INFO - 1 change detected
2026-09-21 01:07:09,649 - watchfiles.main - INFO - 1 change detected
2026-09-21 01:07:10,060 - watchfiles.main - INFO - 1 change detected
2026-09-21 01:07:10,470 - watchfiles.main - INFO - 1 change detected
2026-09-21 01:07:10,831 - watchfiles.main - INFO - 1 change detected
2026-09-21 01:07:11,243 - watchfiles.main - INFO - 1 change detected
2026-09-21 01:07:11,654 - watchfiles.main - INFO - 1 change detected
2026-09-21 01:07:12,063 - watchfiles.main - INFO - 1 change detected
2026-09-21 01:07:12,473 - watchfiles.main - INFO - 1 change detected
2026-09-21 01:07:12,885 - watchfiles.main - INFO - 1 change detected
2026-09-21 01:07:13,293 - watchfiles.main - INFO - 1 change detected
2026-09-21 01:07:13,704 - watchfiles.main - INFO - 1 change detected
2026-09-21 01:07:14,066 - watchfiles.main - INFO - 1 change detected
2026-09-21 01:07:14,480 - watchfiles.main - INFO - 1 change detected
2026-09-21 01:07:14,889 - watchfiles.main - INFO - 1 change detected
2026-09-21 01:07:15,253 - watchfiles.main - INFO - 1 change detected
2026-09-21 01:07:15,665 - watchfiles.main - INFO - 1 change detected
2026-09-21 01:07:16,075 - watchfiles.main - INFO - 1 change detected
2026-09-21 01:07:16,490 - watchfiles.main - INFO - 1 change detected
2026-09-21 01:07:16,903 - watchfiles.main - INFO - 1 change detected
2026-09-21 01:07:17,262 - watchfiles.main - INFO - 1 change detected
2026-09-21 01:07:17,666 - watchfiles.main - INFO - 1 change detected
2026-09-21 01:07:18,075 - watchfiles.main - INFO - 1 change detected
2026-09-21 01:07:18,487 - watchfiles.main - INFO - 1 change detected
2026-09-21 01:07:18,898 - watchfiles.main - INFO - 1 change detected
2026-09-21 01:07:19,309 - watchfiles.main - INFO - 1 change detected
2026-09-21 01:07:19,671 - watchfiles.main - INFO - 1 change detected
2026-09-21 01:07:20,087 - watchfiles.main - INFO - 1 change detected
2026-09-21 01:07:20,499 - watchfiles.main - INFO - 1 change detected
2026-09-21 01:07:20,908 - watchfiles.main - INFO - 1 change detected
2026-09-21 01:07:21,270 - watchfiles.main - INFO - 1 change detected
2026-09-21 01:07:21,685 - watchfiles.main - INFO - 1 change detected
2026-09-21 01:07:22,099 - watchfiles.main - INFO - 1 change detected
2026-09-21 01:07:22,459 - watchfiles.main - INFO - 1 change detected
2026-09-21 01:07:22,875 - watchfiles.main - INFO - 1 change detected
2026-09-21 01:07:23,288 - watchfiles.main - INFO - 1 change detected
2026-09-21 01:07:23,700 - watchfiles.main - INFO - 1 change detected
2026-09-21 01:07:24,110 - watchfiles.main - INFO - 1 change detected
2026-09-21 01:07:24,520 - watchfiles.main - INFO - 1 change detected
2026-09-21 01:07:24,883 - watchfiles.main - INFO - 1 change detected
2026-09-21 01:07:25,299 - watchfiles.main - INFO - 1 change detected
2026-09-21 01:07:25,713 - watchfiles.main - INFO - 1 change detected
2026-09-21 01:07:26,075 - watchfiles.main - INFO - 1 change detected
2026-09-21 01:07:26,477 - watchfiles.main - INFO - 1 change detected
2026-09-21 01:07:26,887 - watchfiles.main - INFO - 1 change detected
2026-09-21 01:07:27,251 - watchfiles.main - INFO - 1 change detected
2026-09-21 01:07:27,666 - watchfiles.main - INFO - 1 change detected
2026-09-21 01:07:28,079 - watchfiles.main - INFO - 1 change detected
2026-09-21 01:07:28,440 - watchfiles.main - INFO - 1 change detected
2026-09-21 01:07:28,855 - watchfiles.main - INFO - 1 change detected
2026-09-21 01:07:29,266 - watchfiles.main - INFO - 1 change detected
2026-09-21 01:07:29,628 - watchfiles.main - INFO - 1 change detected
2026-09-21 01:07:30,042 - watchfiles.main - INFO - 1 change detected
2026-09-21 01:07:30,458 - watchfiles.main - INFO - 1 change detected
2026-09-21 01:07:30,962 - watchfiles.main - INFO - 1 change detected
2026-09-21 01:07:31,366 - watchfiles.main - INFO - 1 change detected
2026-09-21 01:07:31,777 - watchfiles.main - INFO - 1 change detected
2026-09-21 01:07:32,136 - watchfiles.main - INFO - 1 change detected
2026-09-21 01:07:32,552 - watchfiles.main - INFO - 1 change detected
2026-09-21 01:07:32,964 - watchfiles.main - INFO - 1 change detected
2026-09-21 01:07:33,326 - watchfiles.main - INFO - 1 change detected
2026-09-21 01:07:33,740 - watchfiles.main - INFO - 1 change detected
2026-09-21 01:07:34,153 - watchfiles.main - INFO - 1 change detected
2026-09-21 01:07:34,565 - watchfiles.main - INFO - 1 change detected
2026-09-21 01:07:34,976 - watchfiles.main - INFO - 1 change detected
2026-09-21 01:07:35,339 - watchfiles.main - INFO - 1 change detected
2026-09-21 01:07:35,793 - watchfiles.main - INFO - 1 change detected
2026-09-21 01:07:36,152 - watchfiles.main - INFO - 1 change detected
2026-09-21 01:07:36,569 - watchfiles.main - INFO - 1 change detected
2026-09-21 01:07:36,975 - watchfiles.main - INFO - 1 change detected
2026-09-21 01:07:37,336 - watchfiles.main - INFO - 1 change detected
2026-09-21 01:07:37,738 - watchfiles.main - INFO - 1 change detected
2026-09-21 01:07:38,149 - watchfiles.main - INFO - 1 change detected
2026-09-21 01:07:38,559 - watchfiles.main - INFO - 1 change detected
2026-09-21 01:07:38,919 - watchfiles.main - INFO - 1 change detected
2026-09-21 01:07:39,335 - watchfiles.main - INFO - 1 change detected
2026-09-21 01:07:39,746 - watchfiles.main - INFO - 1 change detected
2026-09-21 01:07:40,107 - watchfiles.main - INFO - 1 change detected
2026-09-21 01:07:40,561 - watchfiles.main - INFO - 1 change detected
2026-09-21 01:07:40,968 - watchfiles.main - INFO - 1 change detected
2026-09-21 01:07:41,328 - watchfiles.main - INFO - 1 change detected
2026-09-21 01:07:41,743 - watchfiles.main - INFO - 1 change detected
2026-09-21 01:07:42,157 - watchfiles.main - INFO - 1 change detected
2026-09-21 01:07:42,568 - watchfiles.main - INFO - 1 change detected
2026-09-21 01:07:42,977 - watchfiles.main - INFO - 1 change detected
2026-09-21 01:07:43,339 - watchfiles.main - INFO - 1 change detected
2026-09-21 01:07:43,754 - watchfiles.main - INFO - 1 change detected
2026-09-21 01:07:44,167 - watchfiles.main - INFO - 1 change detected
2026-09-21 01:07:44,528 - watchfiles.main - INFO - 1 change detected
2026-09-21 01:07:44,929 - watchfiles.main - INFO - 1 change detected
2026-09-21 01:07:45,339 - watchfiles.main - INFO - 1 change detected
2026-09-21 01:07:45,751 - watchfiles.main - INFO - 1 change detected
2026-09-21 01:07:46,111 - watchfiles.main - INFO - 1 change detected
2026-09-21 01:07:46,513 - watchfiles.main - INFO - 1 change detected
2026-09-21 01:07:46,925 - watchfiles.main - INFO - 1 change detected
2026-09-21 01:07:47,336 - watchfiles.main - INFO - 1 change detected
2026-09-21 01:07:47,746 - watchfiles.main - INFO - 1 change detected
2026-09-21 01:07:48,104 - watchfiles.main - INFO - 1 change detected
2026-09-21 01:07:48,508 - watchfiles.main - INFO - 1 change detected
2026-09-21 01:07:48,920 - watchfiles.main - INFO - 1 change detected
2026-09-21 01:07:49,331 - watchfiles.main - INFO - 1 change detected
2026-09-21 01:07:49,689 - watchfiles.main - INFO - 1 change detected
2026-09-21 01:07:50,104 - watchfiles.main - INFO - 1 change detected
2026-09-21 01:07:50,512 - watchfiles.main - INFO - 1 change detected
2026-09-21 01:07:50,923 - watchfiles.main - INFO - 1 change detected
2026-09-21 01:07:51,333 - watchfiles.main - INFO - 1 change detected
2026-09-21 01:07:51,694 - watchfiles.main - INFO - 1 change detected
2026-09-21 01:07:52,096 - watchfiles.main - INFO - 1 change detected
2026-09-21 01:07:52,508 - watchfiles.main - INFO - 1 change detected
2026-09-21 01:07:52,919 - watchfiles.main - INFO - 1 change detected
2026-09-21 01:07:53,282 - watchfiles.main - INFO - 1 change detected
2026-09-21 01:07:53,685 - watchfiles.main - INFO - 1 change detected
2026-09-21 01:07:54,095 - watchfiles.main - INFO - 1 change detected
2026-09-21 01:07:54,505 - watchfiles.main - INFO - 1 change detected
2026-09-21 01:07:54,869 - watchfiles.main - INFO - 1 change detected
2026-09-21 01:07:55,284 - watchfiles.main - INFO - 1 change detected
2026-09-21 01:07:55,700 - watchfiles.main - INFO - 2 changes detected
2026-09-21 01:07:56,107 - watchfiles.main - INFO - 1 change detected
2026-09-21 01:07:56,468 - watchfiles.main - INFO - 1 change detected
2026-09-21 01:07:56,885 - watchfiles.main - INFO - 1 change detected
2026-09-21 01:07:57,296 - watchfiles.main - INFO - 1 change detected
2026-09-21 01:07:57,707 - watchfiles.main - INFO - 1 change detected
2026-09-21 01:07:58,064 - watchfiles.main - INFO - 1 change detected
2026-09-21 01:07:58,479 - watchfiles.main - INFO - 1 change detected
2026-09-21 01:07:58,890 - watchfiles.main - INFO - 1 change detected
2026-09-21 01:07:59,303 - watchfiles.main - INFO - 1 change detected
2026-09-21 01:07:59,711 - watchfiles.main - INFO - 1 change detected
2026-09-21 01:08:00,074 - watchfiles.main - INFO - 1 change detected
2026-09-21 01:08:00,488 - watchfiles.main - INFO - 1 change detected
2026-09-21 01:08:00,897 - watchfiles.main - INFO - 1 change detected
2026-09-21 01:08:01,308 - watchfiles.main - INFO - 1 change detected
2026-09-21 01:08:01,667 - watchfiles.main - INFO - 1 change detected
2026-09-21 01:08:02,084 - watchfiles.main - INFO - 1 change detected
2026-09-21 01:08:02,493 - watchfiles.main - INFO - 1 change detected
2026-09-21 01:08:02,856 - watchfiles.main - INFO - 1 change detected
2026-09-21 01:08:03,258 - watchfiles.main - INFO - 1 change detected
2026-09-21 01:08:03,671 - watchfiles.main - INFO - 1 change detected
2026-09-21 01:08:04,082 - watchfiles.main - INFO - 2 changes detected
2026-09-21 01:08:04,492 - watchfiles.main - INFO - 1 change detected
2026-09-21 01:08:04,852 - watchfiles.main - INFO - 1 change detected
2026-09-21 01:08:05,269 - watchfiles.main - INFO - 1 change detected
2026-09-21 01:08:05,677 - watchfiles.main - INFO - 1 change detected
2026-09-21 01:08:06,040 - watchfiles.main - INFO - 1 change detected
2026-09-21 01:08:06,441 - watchfiles.main - INFO - 1 change detected
2026-09-21 01:08:06,853 - watchfiles.main - INFO - 1 change detected
2026-09-21 01:08:07,267 - watchfiles.main - INFO - 1 change detected
2026-09-21 01:08:07,630 - watchfiles.main - INFO - 1 change detected
2026-09-21 01:08:08,045 - watchfiles.main - INFO - 1 change detected
2026-09-21 01:08:08,456 - watchfiles.main - INFO - 1 change detected
2026-09-21 01:08:08,867 - watchfiles.main - INFO - 1 change detected
2026-09-21 01:08:09,227 - watchfiles.main - INFO - 1 change detected
2026-09-21 01:08:09,630 - watchfiles.main - INFO - 1 change detected
2026-09-21 01:08:10,040 - watchfiles.main - INFO - 1 change detected
2026-09-21 01:08:10,451 - watchfiles.main - INFO - 1 change detected
2026-09-21 01:08:10,815 - watchfiles.main - INFO - 1 change detected
2026-09-21 01:08:11,230 - watchfiles.main - INFO - 1 change detected
2026-09-21 01:08:11,640 - watchfiles.main - INFO - 1 change detected
2026-09-21 01:08:12,049 - watchfiles.main - INFO - 1 change detected
2026-09-21 01:08:12,462 - watchfiles.main - INFO - 1 change detected
2026-09-21 01:08:12,822 - watchfiles.main - INFO - 1 change detected
2026-09-21 01:08:13,227 - watchfiles.main - INFO - 1 change detected
2026-09-21 01:08:13,641 - watchfiles.main - INFO - 1 change detected
2026-09-21 01:08:14,050 - watchfiles.main - INFO - 1 change detected
2026-09-21 01:08:14,413 - watchfiles.main - INFO - 1 change detected
2026-09-21 01:08:14,818 - watchfiles.main - INFO - 1 change detected
2026-09-21 01:08:15,234 - watchfiles.main - INFO - 1 change detected
2026-09-21 01:08:15,645 - watchfiles.main - INFO - 1 change detected
2026-09-21 01:08:16,008 - watchfiles.main - INFO - 1 change detected
2026-09-21 01:08:16,422 - watchfiles.main - INFO - 1 change detected
2026-09-21 01:08:16,829 - watchfiles.main - INFO - 1 change detected
2026-09-21 01:08:17,191 - watchfiles.main - INFO - 1 change detected
2026-09-21 01:08:17,605 - watchfiles.main - INFO - 1 change detected
2026-09-21 01:08:18,019 - watchfiles.main - INFO - 1 change detected
2026-09-21 01:08:18,377 - watchfiles.main - INFO - 1 change detected
2026-09-21 01:08:18,780 - watchfiles.main - INFO - 1 change detected
2026-09-21 01:08:19,191 - watchfiles.main - INFO - 1 change detected
2026-09-21 01:08:19,601 - watchfiles.main - INFO - 1 change detected
2026-09-21 01:08:19,962 - watchfiles.main - INFO - 1 change detected
2026-09-21 01:08:20,326 - watchfiles.main - INFO - 1 change detected
2026-09-21 01:08:20,692 - watchfiles.main - INFO - 1 change detected
2026-09-21 01:08:21,056 - watchfiles.main - INFO - 1 change detected
2026-09-21 01:08:21,422 - watchfiles.main - INFO - 1 change detected
2026-09-21 01:08:21,788 - watchfiles.main - INFO - 1 change detected
2026-09-21 01:08:22,141 - watchfiles.main - INFO - 1 change detected
2026-09-21 01:08:22,543 - watchfiles.main - INFO - 1 change detected
2026-09-21 01:08:22,957 - watchfiles.main - INFO - 1 change detected
2026-09-21 01:08:23,371 - watchfiles.main - INFO - 1 change detected
2026-09-21 01:08:23,783 - watchfiles.main - INFO - 1 change detected
2026-09-21 01:08:24,141 - watchfiles.main - INFO - 1 change detected
2026-09-21 01:08:24,542 - watchfiles.main - INFO - 1 change detected
2026-09-21 01:08:24,953 - watchfiles.main - INFO - 1 change detected
2026-09-21 01:08:25,365 - watchfiles.main - INFO - 1 change detected
2026-09-21 01:08:25,742 - watchfiles.main - INFO - 1 change detected
2026-09-21 01:08:26,158 - watchfiles.main - INFO - 1 change detected
2026-09-21 01:08:26,572 - watchfiles.main - INFO - 1 change detected
2026-09-21 01:08:26,984 - watchfiles.main - INFO - 1 change detected
2026-09-21 01:08:27,394 - watchfiles.main - INFO - 1 change detected
2026-09-21 01:08:27,758 - watchfiles.main - INFO - 1 change detected
2026-09-21 01:08:28,210 - watchfiles.main - INFO - 1 change detected
2026-09-21 01:08:28,619 - watchfiles.main - INFO - 1 change detected
2026-09-21 01:08:28,978 - watchfiles.main - INFO - 1 change detected
2026-09-21 01:08:29,392 - watchfiles.main - INFO - 2 changes detected
2026-09-21 01:08:29,800 - watchfiles.main - INFO - 1 change detected
2026-09-21 01:08:30,214 - watchfiles.main - INFO - 1 change detected
2026-09-21 01:08:30,574 - watchfiles.main - INFO - 1 change detected
2026-09-21 01:08:30,989 - watchfiles.main - INFO - 1 change detected
2026-09-21 01:08:31,401 - watchfiles.main - INFO - 1 change detected
2026-09-21 01:08:31,812 - watchfiles.main - INFO - 1 change detected
2026-09-21 01:08:32,169 - watchfiles.main - INFO - 1 change detected
2026-09-21 01:08:32,571 - watchfiles.main - INFO - 1 change detected
2026-09-21 01:08:32,983 - watchfiles.main - INFO - 1 change detected
2026-09-21 01:08:33,396 - watchfiles.main - INFO - 1 change detected
2026-09-21 01:08:33,757 - watchfiles.main - INFO - 1 change detected
2026-09-21 01:08:34,160 - watchfiles.main - INFO - 1 change detected
2026-09-21 01:08:34,569 - watchfiles.main - INFO - 1 change detected
2026-09-21 01:08:34,983 - watchfiles.main - INFO - 1 change detected
2026-09-21 01:08:35,347 - watchfiles.main - INFO - 1 change detected
2026-09-21 01:08:35,749 - watchfiles.main - INFO - 1 change detected
2026-09-21 01:08:36,162 - watchfiles.main - INFO - 1 change detected
2026-09-21 01:08:36,574 - watchfiles.main - INFO - 1 change detected
2026-09-21 01:08:36,936 - watchfiles.main - INFO - 1 change detected
2026-09-21 01:08:37,351 - watchfiles.main - INFO - 1 change detected
2026-09-21 01:08:37,762 - watchfiles.main - INFO - 1 change detected
2026-09-21 01:08:38,125 - watchfiles.main - INFO - 1 change detected
2026-09-21 01:08:38,528 - watchfiles.main - INFO - 1 change detected
2026-09-21 01:08:38,939 - watchfiles.main - INFO - 1 change detected
2026-09-21 01:08:39,351 - watchfiles.main - INFO - 1 change detected
2026-09-21 01:08:39,763 - watchfiles.main - INFO - 1 change detected
2026-09-21 01:08:40,173 - watchfiles.main - INFO - 1 change detected
2026-09-21 01:08:40,535 - watchfiles.main - INFO - 1 change detected
2026-09-21 01:08:40,946 - watchfiles.main - INFO - 1 change detected
2026-09-21 01:08:41,355 - watchfiles.main - INFO - 1 change detected
2026-09-21 01:08:41,770 - watchfiles.main - INFO - 1 change detected
2026-09-21 01:08:42,180 - watchfiles.main - INFO - 1 change detected
2026-09-21 01:08:42,538 - watchfiles.main - INFO - 1 change detected
2026-09-21 01:08:42,955 - watchfiles.main - INFO - 1 change detected
2026-09-21 01:08:43,367 - watchfiles.main - INFO - 1 change detected
2026-09-21 01:08:43,727 - watchfiles.main - INFO - 1 change detected
2026-09-21 01:08:44,129 - watchfiles.main - INFO - 1 change detected
2026-09-21 01:08:44,494 - watchfiles.main - INFO - 1 change detected
2026-09-21 01:08:44,908 - watchfiles.main - INFO - 1 change detected
2026-09-21 01:08:45,269 - watchfiles.main - INFO - 1 change detected
2026-09-21 01:08:45,614 - TraderLoop - INFO - TraderLoop start requested.
2026-09-21 01:08:45,620 - watchfiles.main - INFO - 1 change detected
2026-09-21 01:08:45,987 - watchfiles.main - INFO - 1 change detected
2026-09-21 01:08:46,133 - TraderLoop - INFO - Trader Loop is now running...
2026-09-21 01:08:46,134 - TraderLoop - INFO - 🔄 [자동 동기화] 잔고 및 거래소 미체결 내역 동기화 실행
2026-09-21 01:08:46,389 - watchfiles.main - INFO - 1 change detected
2026-09-21 01:08:46,799 - watchfiles.main - INFO - 1 change detected
2026-09-21 01:08:47,163 - watchfiles.main - INFO - 1 change detected
2026-09-21 01:08:47,565 - watchfiles.main - INFO - 1 change detected
2026-09-21 01:08:47,976 - watchfiles.main - INFO - 1 change detected
2026-09-21 01:08:48,389 - watchfiles.main - INFO - 1 change detected
2026-09-21 01:08:48,800 - watchfiles.main - INFO - 1 change detected
2026-09-21 01:08:49,160 - watchfiles.main - INFO - 1 change detected
2026-09-21 01:08:49,565 - watchfiles.main - INFO - 1 change detected
2026-09-21 01:08:49,978 - watchfiles.main - INFO - 1 change detected
2026-09-21 01:08:50,393 - watchfiles.main - INFO - 1 change detected
2026-09-21 01:08:50,754 - watchfiles.main - INFO - 1 change detected
2026-09-21 01:08:51,169 - watchfiles.main - INFO - 1 change detected
2026-09-21 01:08:51,582 - watchfiles.main - INFO - 1 change detected
2026-09-21 01:08:51,995 - watchfiles.main - INFO - 1 change detected
2026-09-21 01:08:52,356 - watchfiles.main - INFO - 1 change detected
2026-09-21 01:08:52,760 - watchfiles.main - INFO - 1 change detected
2026-09-21 01:08:53,174 - watchfiles.main - INFO - 1 change detected
2026-09-21 01:08:53,586 - watchfiles.main - INFO - 1 change detected
2026-09-21 01:08:53,950 - watchfiles.main - INFO - 1 change detected
2026-09-21 01:08:54,354 - watchfiles.main - INFO - 1 change detected
2026-09-21 01:08:54,766 - watchfiles.main - INFO - 1 change detected
2026-09-21 01:08:55,182 - watchfiles.main - INFO - 2 changes detected
2026-09-21 01:08:55,538 - watchfiles.main - INFO - 1 change detected
2026-09-21 01:08:55,903 - watchfiles.main - INFO - 1 change detected
2026-09-21 01:08:56,305 - watchfiles.main - INFO - 1 change detected
2026-09-21 01:08:56,718 - watchfiles.main - INFO - 1 change detected
2026-09-21 01:08:57,082 - watchfiles.main - INFO - 1 change detected
2026-09-21 01:08:57,484 - watchfiles.main - INFO - 1 change detected
2026-09-21 01:08:57,897 - watchfiles.main - INFO - 1 change detected
2026-09-21 01:08:58,311 - watchfiles.main - INFO - 1 change detected
2026-09-21 01:08:58,723 - watchfiles.main - INFO - 1 change detected
2026-09-21 01:08:59,081 - watchfiles.main - INFO - 1 change detected
2026-09-21 01:08:59,498 - watchfiles.main - INFO - 1 change detected
2026-09-21 01:08:59,907 - watchfiles.main - INFO - 1 change detected
2026-09-21 01:09:00,269 - watchfiles.main - INFO - 1 change detected
2026-09-21 01:09:00,721 - watchfiles.main - INFO - 1 change detected
2026-09-21 01:09:01,131 - watchfiles.main - INFO - 1 change detected
2026-09-21 01:09:01,495 - watchfiles.main - INFO - 1 change detected
2026-09-21 01:09:01,909 - watchfiles.main - INFO - 1 change detected
2026-09-21 01:09:02,321 - watchfiles.main - INFO - 1 change detected
2026-09-21 01:09:02,731 - watchfiles.main - INFO - 1 change detected
2026-09-21 01:09:03,143 - watchfiles.main - INFO - 1 change detected
2026-09-21 01:09:03,504 - watchfiles.main - INFO - 1 change detected
2026-09-21 01:09:03,919 - watchfiles.main - INFO - 1 change detected
2026-09-21 01:09:04,331 - watchfiles.main - INFO - 1 change detected
2026-09-21 01:09:04,692 - watchfiles.main - INFO - 1 change detected
2026-09-21 01:09:05,107 - watchfiles.main - INFO - 1 change detected
2026-09-21 01:09:05,516 - watchfiles.main - INFO - 1 change detected
2026-09-21 01:09:05,929 - watchfiles.main - INFO - 1 change detected
2026-09-21 01:09:06,292 - watchfiles.main - INFO - 1 change detected
2026-09-21 01:09:06,708 - watchfiles.main - INFO - 1 change detected
2026-09-21 01:09:07,121 - watchfiles.main - INFO - 1 change detected
2026-09-21 01:09:07,483 - watchfiles.main - INFO - 1 change detected
2026-09-21 01:09:07,899 - watchfiles.main - INFO - 1 change detected
2026-09-21 01:09:08,310 - watchfiles.main - INFO - 1 change detected
2026-09-21 01:09:08,720 - watchfiles.main - INFO - 1 change detected
2026-09-21 01:09:09,130 - watchfiles.main - INFO - 1 change detected
2026-09-21 01:09:09,489 - watchfiles.main - INFO - 1 change detected
2026-09-21 01:09:09,906 - watchfiles.main - INFO - 1 change detected
2026-09-21 01:09:10,316 - watchfiles.main - INFO - 1 change detected
2026-09-21 01:09:10,676 - watchfiles.main - INFO - 1 change detected
2026-09-21 01:09:11,089 - watchfiles.main - INFO - 1 change detected
2026-09-21 01:09:11,502 - watchfiles.main - INFO - 1 change detected
2026-09-21 01:09:11,864 - watchfiles.main - INFO - 1 change detected
2026-09-21 01:09:12,279 - watchfiles.main - INFO - 1 change detected
2026-09-21 01:09:12,691 - watchfiles.main - INFO - 1 change detected
2026-09-21 01:09:13,054 - watchfiles.main - INFO - 1 change detected
2026-09-21 01:09:13,469 - watchfiles.main - INFO - 1 change detected
2026-09-21 01:09:13,880 - watchfiles.main - INFO - 1 change detected
2026-09-21 01:09:14,241 - watchfiles.main - INFO - 1 change detected
2026-09-21 01:09:14,657 - watchfiles.main - INFO - 1 change detected
2026-09-21 01:09:15,068 - watchfiles.main - INFO - 1 change detected
2026-09-21 01:09:15,479 - watchfiles.main - INFO - 1 change detected
2026-09-21 01:09:15,841 - watchfiles.main - INFO - 1 change detected
2026-09-21 01:09:16,255 - watchfiles.main - INFO - 1 change detected
2026-09-21 01:09:16,666 - watchfiles.main - INFO - 1 change detected
2026-09-21 01:09:17,079 - watchfiles.main - INFO - 1 change detected
2026-09-21 01:09:17,493 - watchfiles.main - INFO - 1 change detected
2026-09-21 01:09:17,904 - watchfiles.main - INFO - 1 change detected
2026-09-21 01:09:18,314 - watchfiles.main - INFO - 1 change detected
2026-09-21 01:09:18,726 - watchfiles.main - INFO - 1 change detected
2026-09-21 01:09:19,086 - watchfiles.main - INFO - 1 change detected
2026-09-21 01:09:19,500 - watchfiles.main - INFO - 1 change detected
2026-09-21 01:09:19,908 - watchfiles.main - INFO - 2 changes detected
2026-09-21 01:09:20,268 - watchfiles.main - INFO - 1 change detected
2026-09-21 01:09:20,670 - watchfiles.main - INFO - 1 change detected
2026-09-21 01:09:21,079 - watchfiles.main - INFO - 1 change detected
2026-09-21 01:09:21,490 - watchfiles.main - INFO - 1 change detected
2026-09-21 01:09:21,904 - watchfiles.main - INFO - 1 change detected
2026-09-21 01:09:22,315 - watchfiles.main - INFO - 1 change detected
2026-09-21 01:09:22,674 - watchfiles.main - INFO - 1 change detected
2026-09-21 01:09:22,909 - TraderLoop - INFO - TraderLoop stop requested.
2026-09-21 01:09:23,087 - watchfiles.main - INFO - 1 change detected
2026-09-21 01:09:23,496 - watchfiles.main - INFO - 1 change detected
2026-09-21 01:09:23,907 - watchfiles.main - INFO - 1 change detected
2026-09-21 01:09:24,267 - watchfiles.main - INFO - 1 change detected
2026-09-21 01:09:24,632 - watchfiles.main - INFO - 1 change detected
2026-09-21 01:09:24,994 - watchfiles.main - INFO - 1 change detected
2026-09-21 01:09:25,360 - watchfiles.main - INFO - 1 change detected
2026-09-21 01:09:25,725 - watchfiles.main - INFO - 1 change detected
2026-09-21 01:09:26,141 - watchfiles.main - INFO - 1 change detected
2026-09-21 01:09:26,550 - watchfiles.main - INFO - 1 change detected
2026-09-21 01:09:26,965 - watchfiles.main - INFO - 1 change detected
2026-09-21 01:09:27,323 - watchfiles.main - INFO - 1 change detected
2026-09-21 01:09:27,689 - watchfiles.main - INFO - 1 change detected
2026-09-21 01:09:28,042 - watchfiles.main - INFO - 1 change detected
2026-09-21 01:09:28,407 - watchfiles.main - INFO - 1 change detected
2026-09-21 01:09:28,771 - watchfiles.main - INFO - 1 change detected
2026-09-21 01:09:28,881 - TraderLoop - INFO - TraderLoop start requested.
2026-09-21 01:09:29,137 - watchfiles.main - INFO - 1 change detected
2026-09-21 01:09:29,490 - watchfiles.main - INFO - 1 change detected
2026-09-21 01:09:29,556 - TraderLoop - INFO - Trader Loop is now running...
2026-09-21 01:09:29,557 - TraderLoop - INFO - 🔄 [자동 동기화] 잔고 및 거래소 미체결 내역 동기화 실행
2026-09-21 01:09:29,843 - watchfiles.main - INFO - 1 change detected
2026-09-21 01:09:30,195 - watchfiles.main - INFO - 1 change detected
2026-09-21 01:09:30,547 - watchfiles.main - INFO - 1 change detected
2026-09-21 01:09:30,903 - watchfiles.main - INFO - 1 change detected
2026-09-21 01:09:31,306 - watchfiles.main - INFO - 1 change detected
2026-09-21 01:09:31,721 - watchfiles.main - INFO - 1 change detected
2026-09-21 01:09:32,084 - watchfiles.main - INFO - 1 change detected
2026-09-21 01:09:32,500 - watchfiles.main - INFO - 1 change detected
2026-09-21 01:09:32,911 - watchfiles.main - INFO - 1 change detected
2026-09-21 01:09:33,324 - watchfiles.main - INFO - 2 changes detected
2026-09-21 01:09:33,735 - watchfiles.main - INFO - 1 change detected
2026-09-21 01:09:34,146 - watchfiles.main - INFO - 1 change detected
2026-09-21 01:09:34,556 - watchfiles.main - INFO - 1 change detected
2026-09-21 01:09:34,915 - watchfiles.main - INFO - 1 change detected
2026-09-21 01:09:35,330 - watchfiles.main - INFO - 1 change detected
2026-09-21 01:09:35,743 - watchfiles.main - INFO - 1 change detected
2026-09-21 01:09:36,105 - watchfiles.main - INFO - 1 change detected
2026-09-21 01:09:36,557 - watchfiles.main - INFO - 1 change detected
2026-09-21 01:09:36,963 - watchfiles.main - INFO - 1 change detected
2026-09-21 01:09:37,321 - watchfiles.main - INFO - 1 change detected
2026-09-21 01:09:37,736 - watchfiles.main - INFO - 1 change detected
2026-09-21 01:09:38,148 - watchfiles.main - INFO - 1 change detected
2026-09-21 01:09:38,559 - watchfiles.main - INFO - 1 change detected
2026-09-21 01:09:38,923 - watchfiles.main - INFO - 1 change detected
2026-09-21 01:09:39,338 - watchfiles.main - INFO - 1 change detected
2026-09-21 01:09:39,745 - watchfiles.main - INFO - 1 change detected
2026-09-21 01:09:40,158 - watchfiles.main - INFO - 1 change detected
2026-09-21 01:09:40,571 - watchfiles.main - INFO - 1 change detected
2026-09-21 01:09:40,933 - watchfiles.main - INFO - 1 change detected
2026-09-21 01:09:41,336 - watchfiles.main - INFO - 1 change detected
2026-09-21 01:09:41,746 - watchfiles.main - INFO - 1 change detected
2026-09-21 01:09:42,161 - watchfiles.main - INFO - 1 change detected
2026-09-21 01:09:42,520 - watchfiles.main - INFO - 1 change detected
2026-09-21 01:09:42,935 - watchfiles.main - INFO - 2 changes detected
2026-09-21 01:09:43,342 - watchfiles.main - INFO - 1 change detected
2026-09-21 01:09:43,703 - watchfiles.main - INFO - 1 change detected
2026-09-21 01:09:44,107 - watchfiles.main - INFO - 1 change detected
2026-09-21 01:09:44,521 - watchfiles.main - INFO - 1 change detected
2026-09-21 01:09:44,937 - watchfiles.main - INFO - 1 change detected
2026-09-21 01:09:45,298 - watchfiles.main - INFO - 1 change detected
2026-09-21 01:09:45,714 - watchfiles.main - INFO - 1 change detected
2026-09-21 01:09:46,126 - watchfiles.main - INFO - 1 change detected
2026-09-21 01:09:46,541 - watchfiles.main - INFO - 1 change detected
2026-09-21 01:09:46,951 - watchfiles.main - INFO - 1 change detected
2026-09-21 01:09:47,312 - watchfiles.main - INFO - 1 change detected
2026-09-21 01:09:47,714 - watchfiles.main - INFO - 1 change detected
2026-09-21 01:09:48,126 - watchfiles.main - INFO - 1 change detected
2026-09-21 01:09:48,539 - watchfiles.main - INFO - 1 change detected
2026-09-21 01:09:48,951 - watchfiles.main - INFO - 1 change detected
2026-09-21 01:09:49,362 - watchfiles.main - INFO - 1 change detected
2026-09-21 01:09:49,725 - watchfiles.main - INFO - 1 change detected
2026-09-21 01:09:50,128 - watchfiles.main - INFO - 1 change detected
2026-09-21 01:09:50,587 - watchfiles.main - INFO - 1 change detected
2026-09-21 01:09:50,943 - watchfiles.main - INFO - 1 change detected
2026-09-21 01:09:51,348 - watchfiles.main - INFO - 1 change detected
2026-09-21 01:09:51,758 - watchfiles.main - INFO - 1 change detected
2026-09-21 01:09:52,166 - watchfiles.main - INFO - 1 change detected
2026-09-21 01:09:52,580 - watchfiles.main - INFO - 1 change detected
2026-09-21 01:09:52,939 - watchfiles.main - INFO - 1 change detected
2026-09-21 01:09:53,406 - watchfiles.main - INFO - 1 change detected
2026-09-21 01:09:53,761 - watchfiles.main - INFO - 1 change detected
2026-09-21 01:09:54,175 - watchfiles.main - INFO - 1 change detected
2026-09-21 01:09:54,590 - watchfiles.main - INFO - 1 change detected
2026-09-21 01:09:55,001 - watchfiles.main - INFO - 1 change detected
2026-09-21 01:09:55,414 - watchfiles.main - INFO - 1 change detected
2026-09-21 01:09:55,777 - watchfiles.main - INFO - 1 change detected
2026-09-21 01:09:56,156 - watchfiles.main - INFO - 1 change detected
2026-09-21 01:09:56,507 - watchfiles.main - INFO - 1 change detected
2026-09-21 01:09:56,872 - watchfiles.main - INFO - 1 change detected
2026-09-21 01:09:57,223 - watchfiles.main - INFO - 1 change detected
2026-09-21 01:09:57,586 - watchfiles.main - INFO - 1 change detected
2026-09-21 01:09:57,938 - watchfiles.main - INFO - 1 change detected
2026-09-21 01:09:58,303 - watchfiles.main - INFO - 1 change detected
2026-09-21 01:09:58,718 - watchfiles.main - INFO - 1 change detected
2026-09-21 01:09:59,128 - watchfiles.main - INFO - 1 change detected
2026-09-21 01:09:59,490 - watchfiles.main - INFO - 1 change detected
2026-09-21 01:09:59,956 - watchfiles.main - INFO - 1 change detected
2026-09-21 01:10:00,314 - watchfiles.main - INFO - 1 change detected
2026-09-21 01:10:00,729 - watchfiles.main - INFO - 1 change detected
2026-09-21 01:10:01,139 - watchfiles.main - INFO - 1 change detected
2026-09-21 01:10:01,500 - watchfiles.main - INFO - 1 change detected
2026-09-21 01:10:01,904 - watchfiles.main - INFO - 1 change detected
2026-09-21 01:10:02,314 - watchfiles.main - INFO - 1 change detected
2026-09-21 01:10:02,727 - watchfiles.main - INFO - 1 change detected
2026-09-21 01:10:03,089 - watchfiles.main - INFO - 1 change detected
2026-09-21 01:10:03,541 - watchfiles.main - INFO - 1 change detected
2026-09-21 01:10:03,949 - watchfiles.main - INFO - 1 change detected
2026-09-21 01:10:04,362 - watchfiles.main - INFO - 1 change detected
2026-09-21 01:10:04,724 - watchfiles.main - INFO - 1 change detected
2026-09-21 01:10:05,191 - watchfiles.main - INFO - 2 changes detected
2026-09-21 01:10:05,549 - watchfiles.main - INFO - 1 change detected
2026-09-21 01:10:05,901 - watchfiles.main - INFO - 1 change detected
2026-09-21 01:10:06,303 - watchfiles.main - INFO - 1 change detected
2026-09-21 01:10:06,713 - watchfiles.main - INFO - 1 change detected
2026-09-21 01:10:07,123 - watchfiles.main - INFO - 1 change detected
2026-09-21 01:10:07,487 - watchfiles.main - INFO - 1 change detected
2026-09-21 01:10:07,889 - watchfiles.main - INFO - 1 change detected
2026-09-21 01:10:08,301 - watchfiles.main - INFO - 1 change detected
2026-09-21 01:10:08,711 - watchfiles.main - INFO - 1 change detected
2026-09-21 01:10:09,125 - watchfiles.main - INFO - 1 change detected
2026-09-21 01:10:09,534 - watchfiles.main - INFO - 1 change detected
2026-09-21 01:10:09,943 - watchfiles.main - INFO - 1 change detected
2026-09-21 01:10:10,355 - watchfiles.main - INFO - 2 changes detected
2026-09-21 01:10:10,765 - watchfiles.main - INFO - 1 change detected
2026-09-21 01:10:11,128 - watchfiles.main - INFO - 1 change detected
2026-09-21 01:10:11,529 - watchfiles.main - INFO - 1 change detected
2026-09-21 01:10:11,942 - watchfiles.main - INFO - 1 change detected
2026-09-21 01:10:12,355 - watchfiles.main - INFO - 1 change detected
2026-09-21 01:10:12,716 - watchfiles.main - INFO - 1 change detected
2026-09-21 01:10:13,117 - watchfiles.main - INFO - 1 change detected
2026-09-21 01:10:13,527 - watchfiles.main - INFO - 1 change detected
2026-09-21 01:10:13,937 - watchfiles.main - INFO - 1 change detected
2026-09-21 01:10:14,351 - watchfiles.main - INFO - 1 change detected
2026-09-21 01:10:14,763 - watchfiles.main - INFO - 1 change detected
2026-09-21 01:10:15,174 - watchfiles.main - INFO - 1 change detected
2026-09-21 01:10:15,586 - watchfiles.main - INFO - 1 change detected
2026-09-21 01:10:15,950 - watchfiles.main - INFO - 1 change detected
2026-09-21 01:10:16,364 - watchfiles.main - INFO - 1 change detected
2026-09-21 01:10:16,778 - watchfiles.main - INFO - 1 change detected
2026-09-21 01:10:17,192 - watchfiles.main - INFO - 1 change detected
2026-09-21 01:10:17,605 - watchfiles.main - INFO - 1 change detected
2026-09-21 01:10:17,964 - watchfiles.main - INFO - 1 change detected
2026-09-21 01:10:18,380 - watchfiles.main - INFO - 1 change detected
2026-09-21 01:10:18,794 - watchfiles.main - INFO - 1 change detected
2026-09-21 01:10:19,157 - watchfiles.main - INFO - 1 change detected
2026-09-21 01:10:19,610 - watchfiles.main - INFO - 1 change detected
2026-09-21 01:10:19,969 - watchfiles.main - INFO - 1 change detected
2026-09-21 01:10:20,385 - watchfiles.main - INFO - 1 change detected
2026-09-21 01:10:20,798 - watchfiles.main - INFO - 1 change detected
2026-09-21 01:10:21,161 - watchfiles.main - INFO - 1 change detected
2026-09-21 01:10:21,576 - watchfiles.main - INFO - 1 change detected
2026-09-21 01:10:21,986 - watchfiles.main - INFO - 1 change detected
2026-09-21 01:10:22,399 - watchfiles.main - INFO - 1 change detected
2026-09-21 01:10:22,762 - watchfiles.main - INFO - 1 change detected
2026-09-21 01:10:23,177 - watchfiles.main - INFO - 1 change detected
2026-09-21 01:10:23,590 - watchfiles.main - INFO - 1 change detected
2026-09-21 01:10:24,020 - watchfiles.main - INFO - 1 change detected
2026-09-21 01:10:24,479 - watchfiles.main - INFO - 1 change detected
2026-09-21 01:10:24,885 - watchfiles.main - INFO - 1 change detected
2026-09-21 01:10:25,548 - watchfiles.main - INFO - 1 change detected
2026-09-21 01:10:25,903 - watchfiles.main - INFO - 1 change detected
2026-09-21 01:10:26,305 - watchfiles.main - INFO - 1 change detected
2026-09-21 01:10:26,669 - watchfiles.main - INFO - 1 change detected
2026-09-21 01:10:27,084 - watchfiles.main - INFO - 1 change detected
2026-09-21 01:10:27,494 - watchfiles.main - INFO - 1 change detected
2026-09-21 01:10:27,857 - watchfiles.main - INFO - 1 change detected
2026-09-21 01:10:28,261 - watchfiles.main - INFO - 1 change detected
2026-09-21 01:10:28,670 - watchfiles.main - INFO - 1 change detected
2026-09-21 01:10:29,082 - watchfiles.main - INFO - 1 change detected
2026-09-21 01:10:29,495 - watchfiles.main - INFO - 1 change detected
2026-09-21 01:10:29,858 - watchfiles.main - INFO - 1 change detected
2026-09-21 01:10:30,275 - watchfiles.main - INFO - 1 change detected
2026-09-21 01:10:30,684 - watchfiles.main - INFO - 1 change detected
2026-09-21 01:10:31,100 - watchfiles.main - INFO - 1 change detected
2026-09-21 01:10:31,463 - watchfiles.main - INFO - 1 change detected
2026-09-21 01:10:31,866 - watchfiles.main - INFO - 1 change detected
2026-09-21 01:10:32,276 - watchfiles.main - INFO - 1 change detected
2026-09-21 01:10:32,686 - watchfiles.main - INFO - 1 change detected
2026-09-21 01:10:33,049 - watchfiles.main - INFO - 1 change detected
2026-09-21 01:10:33,451 - watchfiles.main - INFO - 1 change detected
2026-09-21 01:10:33,859 - watchfiles.main - INFO - 1 change detected
2026-09-21 01:10:34,271 - watchfiles.main - INFO - 1 change detected
2026-09-21 01:10:34,634 - watchfiles.main - INFO - 1 change detected
2026-09-21 01:10:35,038 - watchfiles.main - INFO - 1 change detected
2026-09-21 01:10:35,454 - watchfiles.main - INFO - 1 change detected
2026-09-21 01:10:35,866 - watchfiles.main - INFO - 1 change detected
2026-09-21 01:10:36,277 - watchfiles.main - INFO - 1 change detected
2026-09-21 01:10:36,689 - watchfiles.main - INFO - 1 change detected
2026-09-21 01:10:37,052 - watchfiles.main - INFO - 1 change detected
2026-09-21 01:10:37,466 - watchfiles.main - INFO - 1 change detected
2026-09-21 01:10:37,881 - watchfiles.main - INFO - 1 change detected
2026-09-21 01:10:38,240 - watchfiles.main - INFO - 1 change detected
2026-09-21 01:10:38,656 - watchfiles.main - INFO - 1 change detected
2026-09-21 01:10:39,067 - watchfiles.main - INFO - 1 change detected
2026-09-21 01:10:39,481 - watchfiles.main - INFO - 1 change detected
2026-09-21 01:10:39,891 - watchfiles.main - INFO - 1 change detected
2026-09-21 01:10:40,302 - watchfiles.main - INFO - 1 change detected
2026-09-21 01:10:40,665 - watchfiles.main - INFO - 1 change detected
2026-09-21 01:10:41,081 - watchfiles.main - INFO - 1 change detected
2026-09-21 01:10:41,494 - watchfiles.main - INFO - 1 change detected
2026-09-21 01:10:41,855 - watchfiles.main - INFO - 1 change detected
2026-09-21 01:10:42,271 - watchfiles.main - INFO - 1 change detected
2026-09-21 01:10:42,683 - watchfiles.main - INFO - 1 change detected
2026-09-21 01:10:43,095 - watchfiles.main - INFO - 1 change detected
2026-09-21 01:10:43,510 - watchfiles.main - INFO - 1 change detected
2026-09-21 01:10:43,871 - watchfiles.main - INFO - 1 change detected
2026-09-21 01:10:44,273 - watchfiles.main - INFO - 1 change detected
2026-09-21 01:10:44,683 - watchfiles.main - INFO - 1 change detected
2026-09-21 01:10:45,099 - watchfiles.main - INFO - 1 change detected
2026-09-21 01:10:45,510 - watchfiles.main - INFO - 1 change detected
2026-09-21 01:10:45,920 - watchfiles.main - INFO - 1 change detected
2026-09-21 01:10:46,282 - watchfiles.main - INFO - 1 change detected
2026-09-21 01:10:46,683 - watchfiles.main - INFO - 1 change detected
2026-09-21 01:10:47,097 - watchfiles.main - INFO - 1 change detected
2026-09-21 01:10:47,508 - watchfiles.main - INFO - 1 change detected
2026-09-21 01:10:47,920 - watchfiles.main - INFO - 1 change detected
2026-09-21 01:10:48,281 - watchfiles.main - INFO - 1 change detected
2026-09-21 01:10:48,684 - watchfiles.main - INFO - 1 change detected
2026-09-21 01:10:49,096 - watchfiles.main - INFO - 1 change detected
2026-09-21 01:10:49,510 - watchfiles.main - INFO - 1 change detected
2026-09-21 01:10:49,871 - watchfiles.main - INFO - 1 change detected
2026-09-21 01:10:50,273 - watchfiles.main - INFO - 1 change detected
2026-09-21 01:10:50,684 - watchfiles.main - INFO - 1 change detected
2026-09-21 01:10:51,098 - watchfiles.main - INFO - 1 change detected
2026-09-21 01:10:51,511 - watchfiles.main - INFO - 1 change detected
2026-09-21 01:10:51,920 - watchfiles.main - INFO - 1 change detected
2026-09-21 01:10:52,282 - watchfiles.main - INFO - 1 change detected
2026-09-21 01:10:52,684 - watchfiles.main - INFO - 1 change detected
2026-09-21 01:10:53,094 - watchfiles.main - INFO - 1 change detected
2026-09-21 01:10:53,509 - watchfiles.main - INFO - 1 change detected
2026-09-21 01:10:53,921 - watchfiles.main - INFO - 1 change detected
2026-09-21 01:10:54,281 - watchfiles.main - INFO - 1 change detected
2026-09-21 01:10:54,696 - watchfiles.main - INFO - 1 change detected
2026-09-21 01:10:55,109 - watchfiles.main - INFO - 1 change detected
2026-09-21 01:10:55,520 - watchfiles.main - INFO - 1 change detected
2026-09-21 01:10:55,881 - watchfiles.main - INFO - 1 change detected
2026-09-21 01:10:56,296 - watchfiles.main - INFO - 1 change detected
2026-09-21 01:10:56,707 - watchfiles.main - INFO - 1 change detected
2026-09-21 01:10:57,070 - watchfiles.main - INFO - 1 change detected
2026-09-21 01:10:57,472 - watchfiles.main - INFO - 1 change detected
2026-09-21 01:10:57,885 - watchfiles.main - INFO - 1 change detected
2026-09-21 01:10:58,297 - watchfiles.main - INFO - 1 change detected
2026-09-21 01:10:58,710 - watchfiles.main - INFO - 1 change detected
2026-09-21 01:10:59,070 - watchfiles.main - INFO - 1 change detected
2026-09-21 01:10:59,473 - watchfiles.main - INFO - 1 change detected
2026-09-21 01:10:59,883 - watchfiles.main - INFO - 1 change detected
2026-09-21 01:11:00,297 - watchfiles.main - INFO - 1 change detected
2026-09-21 01:11:00,657 - watchfiles.main - INFO - 1 change detected
2026-09-21 01:11:01,072 - watchfiles.main - INFO - 1 change detected
2026-09-21 01:11:01,483 - watchfiles.main - INFO - 1 change detected
2026-09-21 01:11:01,846 - watchfiles.main - INFO - 1 change detected
2026-09-21 01:11:02,299 - watchfiles.main - INFO - 1 change detected
2026-09-21 01:11:02,652 - watchfiles.main - INFO - 1 change detected
2026-09-21 01:11:03,069 - watchfiles.main - INFO - 1 change detected
2026-09-21 01:11:03,482 - watchfiles.main - INFO - 1 change detected
2026-09-21 01:11:03,893 - watchfiles.main - INFO - 1 change detected
2026-09-21 01:11:04,258 - watchfiles.main - INFO - 1 change detected
2026-09-21 01:11:04,659 - watchfiles.main - INFO - 1 change detected
2026-09-21 01:11:05,068 - watchfiles.main - INFO - 1 change detected
2026-09-21 01:11:05,482 - watchfiles.main - INFO - 1 change detected
2026-09-21 01:11:05,896 - watchfiles.main - INFO - 1 change detected
2026-09-21 01:11:06,307 - watchfiles.main - INFO - 1 change detected
2026-09-21 01:11:06,666 - watchfiles.main - INFO - 1 change detected
2026-09-21 01:11:07,079 - watchfiles.main - INFO - 1 change detected
2026-09-21 01:11:07,494 - watchfiles.main - INFO - 1 change detected
2026-09-21 01:11:07,908 - watchfiles.main - INFO - 1 change detected
2026-09-21 01:11:08,321 - watchfiles.main - INFO - 1 change detected
2026-09-21 01:11:08,732 - watchfiles.main - INFO - 1 change detected
2026-09-21 01:11:09,140 - watchfiles.main - INFO - 1 change detected
2026-09-21 01:11:09,501 - watchfiles.main - INFO - 1 change detected
2026-09-21 01:11:09,915 - watchfiles.main - INFO - 1 change detected
2026-09-21 01:11:10,328 - watchfiles.main - INFO - 1 change detected
2026-09-21 01:11:10,691 - watchfiles.main - INFO - 1 change detected
2026-09-21 01:11:11,094 - watchfiles.main - INFO - 1 change detected
2026-09-21 01:11:11,505 - watchfiles.main - INFO - 1 change detected
2026-09-21 01:11:11,920 - watchfiles.main - INFO - 1 change detected
2026-09-21 01:11:12,328 - watchfiles.main - INFO - 1 change detected
2026-09-21 01:11:12,692 - watchfiles.main - INFO - 1 change detected
2026-09-21 01:11:13,108 - watchfiles.main - INFO - 1 change detected
2026-09-21 01:11:13,519 - watchfiles.main - INFO - 1 change detected
2026-09-21 01:11:13,929 - watchfiles.main - INFO - 1 change detected
2026-09-21 01:11:14,341 - watchfiles.main - INFO - 1 change detected
2026-09-21 01:11:14,704 - watchfiles.main - INFO - 1 change detected
2026-09-21 01:11:15,119 - watchfiles.main - INFO - 1 change detected
2026-09-21 01:11:15,534 - watchfiles.main - INFO - 1 change detected
2026-09-21 01:11:15,895 - watchfiles.main - INFO - 1 change detected
2026-09-21 01:11:16,310 - watchfiles.main - INFO - 1 change detected
2026-09-21 01:11:16,724 - watchfiles.main - INFO - 1 change detected
2026-09-21 01:11:17,084 - watchfiles.main - INFO - 1 change detected
2026-09-21 01:11:17,501 - watchfiles.main - INFO - 1 change detected
2026-09-21 01:11:17,912 - watchfiles.main - INFO - 1 change detected
2026-09-21 01:11:18,327 - watchfiles.main - INFO - 1 change detected
2026-09-21 01:11:18,690 - watchfiles.main - INFO - 1 change detected
2026-09-21 01:11:19,093 - watchfiles.main - INFO - 1 change detected
2026-09-21 01:11:19,506 - watchfiles.main - INFO - 1 change detected
2026-09-21 01:11:19,915 - watchfiles.main - INFO - 1 change detected
2026-09-21 01:11:20,277 - watchfiles.main - INFO - 1 change detected
2026-09-21 01:11:20,679 - watchfiles.main - INFO - 1 change detected
2026-09-21 01:11:21,091 - watchfiles.main - INFO - 1 change detected
2026-09-21 01:11:21,504 - watchfiles.main - INFO - 1 change detected
2026-09-21 01:11:21,865 - watchfiles.main - INFO - 1 change detected
2026-09-21 01:11:22,280 - watchfiles.main - INFO - 1 change detected
2026-09-21 01:11:22,692 - watchfiles.main - INFO - 1 change detected
2026-09-21 01:11:23,052 - watchfiles.main - INFO - 1 change detected
2026-09-21 01:11:23,467 - watchfiles.main - INFO - 1 change detected
2026-09-21 01:11:23,880 - watchfiles.main - INFO - 1 change detected
2026-09-21 01:11:24,293 - watchfiles.main - INFO - 1 change detected
2026-09-21 01:11:24,653 - watchfiles.main - INFO - 1 change detected
2026-09-21 01:11:25,056 - watchfiles.main - INFO - 1 change detected
2026-09-21 01:11:25,466 - watchfiles.main - INFO - 1 change detected
2026-09-21 01:11:25,878 - watchfiles.main - INFO - 1 change detected
2026-09-21 01:11:26,291 - watchfiles.main - INFO - 1 change detected
2026-09-21 01:11:26,653 - watchfiles.main - INFO - 1 change detected
2026-09-21 01:11:27,105 - watchfiles.main - INFO - 1 change detected
2026-09-21 01:11:27,463 - watchfiles.main - INFO - 1 change detected
2026-09-21 01:11:27,877 - watchfiles.main - INFO - 1 change detected
2026-09-21 01:11:28,289 - watchfiles.main - INFO - 1 change detected
2026-09-21 01:11:28,701 - watchfiles.main - INFO - 1 change detected
2026-09-21 01:11:29,061 - watchfiles.main - INFO - 1 change detected
2026-09-21 01:11:29,512 - watchfiles.main - INFO - 1 change detected
2026-09-21 01:11:29,920 - watchfiles.main - INFO - 1 change detected
2026-09-21 01:11:30,285 - watchfiles.main - INFO - 1 change detected
2026-09-21 01:11:30,686 - watchfiles.main - INFO - 1 change detected
2026-09-21 01:11:31,095 - watchfiles.main - INFO - 1 change detected
2026-09-21 01:11:31,509 - watchfiles.main - INFO - 1 change detected
2026-09-21 01:11:31,874 - watchfiles.main - INFO - 1 change detected
2026-09-21 01:11:32,277 - watchfiles.main - INFO - 1 change detected
2026-09-21 01:11:32,688 - watchfiles.main - INFO - 1 change detected
2026-09-21 01:11:33,047 - watchfiles.main - INFO - 1 change detected
2026-09-21 01:12:28,598 - TraderLoop - INFO - TraderLoop stop requested.
2026-09-21 01:12:29,560 - TraderLoop - INFO - Trader Loop Stopped.
2026-09-21 01:12:30,230 - watchfiles.main - INFO - 6 changes detected
2026-09-21 01:12:31,300 - watchfiles.main - INFO - 1 change detected
2026-09-21 01:12:31,324 - TraderLoop - INFO - TraderLoop start requested.
2026-09-21 01:12:31,661 - watchfiles.main - INFO - 1 change detected
2026-09-21 01:12:31,854 - TraderLoop - INFO - Trader Loop is now running...
2026-09-21 01:12:31,854 - TraderLoop - INFO - 🔄 [자동 동기화] 잔고 및 거래소 미체결 내역 동기화 실행
2026-09-21 01:12:32,075 - watchfiles.main - INFO - 1 change detected
2026-09-21 01:12:32,435 - watchfiles.main - INFO - 1 change detected
2026-09-21 01:12:32,849 - watchfiles.main - INFO - 1 change detected
2026-09-21 01:12:33,259 - watchfiles.main - INFO - 1 change detected
2026-09-21 01:39:32,684 - TraderLoop - INFO - 🔄 [자동 동기화] 잔고 및 거래소 미체결 내역 동기화 실행
2026-09-21 01:48:45,752 - TraderLoop - INFO - TraderLoop stop requested.
2026-09-21 01:48:51,560 - TraderLoop - INFO - TraderLoop start requested.
2026-09-21 01:48:52,130 - TraderLoop - INFO - Trader Loop is now running...
2026-09-21 01:48:52,130 - TraderLoop - INFO - 🔄 [자동 동기화] 잔고 및 거래소 미체결 내역 동기화 실행
2026-09-21 01:54:25,047 - TraderLoop - INFO - TraderLoop stop requested.
2026-09-21 02:11:53,034 - TraderLoop - INFO - TraderLoop start requested.
2026-09-21 02:11:53,650 - TraderLoop - INFO - Trader Loop is now running...
2026-09-21 02:11:53,650 - TraderLoop - INFO - 🔄 [자동 동기화] 잔고 및 거래소 미체결 내역 동기화 실행
2026-09-21 02:12:42,471 - TraderLoop - INFO - TraderLoop stop requested.
2026-09-21 02:12:43,016 - TraderLoop - INFO - Trader Loop Stopped.
2026-09-21 02:12:48,804 - TraderLoop - INFO - TraderLoop start requested.
2026-09-21 02:12:49,353 - TraderLoop - INFO - Trader Loop is now running...
2026-09-21 02:12:49,353 - TraderLoop - INFO - 🔄 [자동 동기화] 잔고 및 거래소 미체결 내역 동기화 실행
2026-09-21 02:13:08,581 - TraderLoop - INFO - TraderLoop start requested.
2026-09-21 02:13:09,125 - TraderLoop - INFO - Trader Loop is now running...
2026-09-21 02:13:09,125 - TraderLoop - INFO - 🔄 [자동 동기화] 잔고 및 거래소 미체결 내역 동기화 실행
2026-09-21 02:13:50,054 - TraderLoop - INFO - TraderLoop stop requested.
2026-09-21 02:17:58,692 - TraderLoop - INFO - TraderLoop start requested.
2026-09-21 02:17:59,204 - TraderLoop - INFO - Trader Loop is now running...
2026-09-21 02:17:59,204 - TraderLoop - INFO - 🔄 [자동 동기화] 잔고 및 거래소 미체결 내역 동기화 실행
2026-09-21 02:22:52,057 - TraderLoop - INFO - TraderLoop start requested.
2026-09-21 02:22:52,597 - TraderLoop - INFO - Trader Loop is now running...
2026-09-21 02:22:52,597 - TraderLoop - INFO - 🔄 [자동 동기화] 잔고 및 거래소 미체결 내역 동기화 실행
2026-09-21 02:23:35,493 - TraderLoop - INFO - TraderLoop start requested.
2026-09-21 02:23:35,960 - TraderLoop - INFO - Trader Loop is now running...
2026-09-21 02:23:35,960 - TraderLoop - INFO - 🔄 [자동 동기화] 잔고 및 거래소 미체결 내역 동기화 실행
2026-09-21 02:25:16,579 - TraderLoop - INFO - TraderLoop stop requested.
2026-09-21 02:25:27,748 - TraderLoop - INFO - TraderLoop start requested.
2026-09-21 02:25:28,243 - TraderLoop - INFO - Trader Loop is now running...
2026-09-21 02:25:28,243 - TraderLoop - INFO - 🔄 [자동 동기화] 잔고 및 거래소 미체결 내역 동기화 실행
2026-09-21 02:25:45,459 - TraderLoop - INFO - TraderLoop stop requested.
2026-09-21 02:25:58,638 - TraderLoop - INFO - TraderLoop start requested.
2026-09-21 02:25:59,082 - TraderLoop - INFO - Trader Loop is now running...
2026-09-21 02:25:59,083 - TraderLoop - INFO - 🔄 [자동 동기화] 잔고 및 거래소 미체결 내역 동기화 실행
2026-09-21 02:26:50,491 - TraderLoop - INFO - TraderLoop stop requested.
2026-09-21 02:27:04,503 - TraderLoop - INFO - TraderLoop start requested.
2026-09-21 02:27:04,922 - TraderLoop - INFO - Trader Loop is now running...
2026-09-21 02:27:04,938 - TraderLoop - INFO - 🔄 [자동 동기화] 잔고 및 거래소 미체결 내역 동기화 실행
2026-09-21 02:27:57,318 - TraderLoop - INFO - TraderLoop stop requested.
2026-09-21 02:29:47,592 - TraderLoop - INFO - TraderLoop start requested.
2026-09-21 02:29:48,137 - TraderLoop - INFO - Trader Loop is now running...
2026-09-21 02:29:48,138 - TraderLoop - INFO - 🔄 [자동 동기화] 잔고 및 거래소 미체결 내역 동기화 실행
2026-09-21 02:42:20,763 - TraderLoop - WARNING - KIS Price Response Error: 초당 거래건수를 초과하였습니다.
2026-09-21 06:27:46,312 - TraderLoop - INFO - TraderLoop start requested.
2026-09-21 06:27:46,818 - TraderLoop - INFO - Trader Loop is now running...
2026-09-21 06:27:46,818 - TraderLoop - INFO - 🔄 [자동 동기화] 잔고 및 거래소 미체결 내역 동기화 실행
2026-09-21 06:30:07,388 - TraderLoop - INFO - TraderLoop start requested.
2026-09-21 06:30:07,957 - TraderLoop - INFO - Trader Loop is now running...
2026-09-21 06:30:07,958 - TraderLoop - INFO - 🔄 [자동 동기화] 잔고 및 거래소 미체결 내역 동기화 실행
2026-09-21 06:30:16,522 - TraderLoop - WARNING - KIS Price Response Error: 초당 거래건수를 초과하였습니다.
2026-09-21 06:31:08,508 - TraderLoop - INFO - 🔄 [자동 동기화] 잔고 및 거래소 미체결 내역 동기화 실행
2026-09-21 06:32:09,163 - TraderLoop - INFO - 🔄 [자동 동기화] 잔고 및 거래소 미체결 내역 동기화 실행
2026-09-21 06:33:09,240 - TraderLoop - INFO - 🔄 [자동 동기화] 잔고 및 거래소 미체결 내역 동기화 실행
2026-09-21 06:34:12,435 - TraderLoop - INFO - 🔄 [자동 동기화] 잔고 및 거래소 미체결 내역 동기화 실행
2026-09-21 06:35:14,778 - TraderLoop - INFO - 🔄 [자동 동기화] 잔고 및 거래소 미체결 내역 동기화 실행
2026-09-21 06:36:15,578 - TraderLoop - INFO - 🔄 [자동 동기화] 잔고 및 거래소 미체결 내역 동기화 실행
2026-09-21 06:37:16,127 - TraderLoop - INFO - 🔄 [자동 동기화] 잔고 및 거래소 미체결 내역 동기화 실행
2026-09-21 06:38:19,120 - TraderLoop - INFO - 🔄 [자동 동기화] 잔고 및 거래소 미체결 내역 동기화 실행
2026-09-21 06:39:22,047 - TraderLoop - INFO - 🔄 [자동 동기화] 잔고 및 거래소 미체결 내역 동기화 실행
2026-09-21 06:40:25,272 - TraderLoop - INFO - 🔄 [자동 동기화] 잔고 및 거래소 미체결 내역 동기화 실행
2026-09-21 06:41:25,342 - TraderLoop - INFO - 🔄 [자동 동기화] 잔고 및 거래소 미체결 내역 동기화 실행
2026-09-21 06:42:25,780 - TraderLoop - INFO - 🔄 [자동 동기화] 잔고 및 거래소 미체결 내역 동기화 실행
2026-09-21 06:43:29,217 - TraderLoop - INFO - 🔄 [자동 동기화] 잔고 및 거래소 미체결 내역 동기화 실행
2026-09-21 06:44:32,183 - TraderLoop - INFO - 🔄 [자동 동기화] 잔고 및 거래소 미체결 내역 동기화 실행
2026-09-21 06:45:35,073 - TraderLoop - INFO - 🔄 [자동 동기화] 잔고 및 거래소 미체결 내역 동기화 실행
2026-09-21 06:46:38,104 - TraderLoop - INFO - 🔄 [자동 동기화] 잔고 및 거래소 미체결 내역 동기화 실행
2026-09-21 06:47:41,321 - TraderLoop - INFO - 🔄 [자동 동기화] 잔고 및 거래소 미체결 내역 동기화 실행
2026-09-21 06:48:44,619 - TraderLoop - INFO - 🔄 [자동 동기화] 잔고 및 거래소 미체결 내역 동기화 실행
2026-09-21 06:49:47,630 - TraderLoop - INFO - 🔄 [자동 동기화] 잔고 및 거래소 미체결 내역 동기화 실행
2026-09-21 06:50:50,642 - TraderLoop - INFO - 🔄 [자동 동기화] 잔고 및 거래소 미체결 내역 동기화 실행
2026-09-21 06:51:50,957 - TraderLoop - INFO - 🔄 [자동 동기화] 잔고 및 거래소 미체결 내역 동기화 실행
2026-09-21 06:52:51,121 - TraderLoop - INFO - 🔄 [자동 동기화] 잔고 및 거래소 미체결 내역 동기화 실행
2026-09-21 06:53:54,083 - TraderLoop - INFO - 🔄 [자동 동기화] 잔고 및 거래소 미체결 내역 동기화 실행
2026-09-21 06:54:57,267 - TraderLoop - INFO - 🔄 [자동 동기화] 잔고 및 거래소 미체결 내역 동기화 실행
2026-09-21 06:55:13,229 - TraderLoop - INFO - TraderLoop stop requested.
2026-09-21 06:55:41,509 - TraderLoop - INFO - TraderLoop start requested.
2026-09-21 06:55:42,037 - TraderLoop - INFO - Trader Loop is now running...
2026-09-21 06:57:39,388 - TraderLoop - INFO - TraderLoop stop requested.
2026-09-21 06:58:02,439 - TraderLoop - INFO - TraderLoop start requested.
2026-09-21 06:58:02,985 - TraderLoop - INFO - Trader Loop is now running...
2026-09-21 06:59:16,960 - TraderLoop - INFO - [실전투자] 수동 매수 API 접수: 1.0개 @ 82,900원 지정가 / 응답: {'rt_cd': '7', 'msg_cd': 'KIOK0320', 'msg1': '장운영시간이 아닙니다'}
2026-09-21 08:00:03,668 - TraderLoop - ERROR - Error in Trader Loop: 'TraderLoop' object has no attribute 'db'
2026-09-21 08:00:06,675 - TraderLoop - ERROR - Error in Trader Loop: 'TraderLoop' object has no attribute 'db'
2026-09-21 08:00:09,680 - TraderLoop - ERROR - Error in Trader Loop: 'TraderLoop' object has no attribute 'db'
2026-09-21 08:00:12,687 - TraderLoop - ERROR - Error in Trader Loop: 'TraderLoop' object has no attribute 'db'
2026-09-21 08:00:14,894 - TraderLoop - INFO - [실전투자] 수동 매수 API 접수: 10.0개 @ 80,100원 지정가 / 응답: {'rt_cd': '7', 'msg_cd': 'KIOK0320', 'msg1': '장운영시간이 아닙니다'}
2026-09-21 08:00:15,705 - TraderLoop - ERROR - Error in Trader Loop: 'TraderLoop' object has no attribute 'db'
2026-09-21 08:00:18,708 - TraderLoop - ERROR - Error in Trader Loop: 'TraderLoop' object has no attribute 'db'
2026-09-21 08:00:21,710 - TraderLoop - ERROR - Error in Trader Loop: 'TraderLoop' object has no attribute 'db'
2026-09-21 08:00:24,719 - TraderLoop - ERROR - Error in Trader Loop: 'TraderLoop' object has no attribute 'db'
2026-09-21 08:00:27,726 - TraderLoop - ERROR - Error in Trader Loop: 'TraderLoop' object has no attribute 'db'
2026-09-21 08:00:30,735 - TraderLoop - ERROR - Error in Trader Loop: 'TraderLoop' object has no attribute 'db'
2026-09-21 08:00:33,741 - TraderLoop - ERROR - Error in Trader Loop: 'TraderLoop' object has no attribute 'db'
2026-09-21 08:00:36,744 - TraderLoop - ERROR - Error in Trader Loop: 'TraderLoop' object has no attribute 'db'
2026-09-21 08:00:39,752 - TraderLoop - ERROR - Error in Trader Loop: 'TraderLoop' object has no attribute 'db'
2026-09-21 08:00:42,758 - TraderLoop - ERROR - Error in Trader Loop: 'TraderLoop' object has no attribute 'db'
2026-09-21 08:00:45,768 - TraderLoop - ERROR - Error in Trader Loop: 'TraderLoop' object has no attribute 'db'
2026-09-21 08:00:48,770 - TraderLoop - ERROR - Error in Trader Loop: 'TraderLoop' object has no attribute 'db'
2026-09-21 08:00:51,783 - TraderLoop - ERROR - Error in Trader Loop: 'TraderLoop' object has no attribute 'db'
2026-09-21 08:00:54,787 - TraderLoop - ERROR - Error in Trader Loop: 'TraderLoop' object has no attribute 'db'
2026-09-21 08:00:57,724 - TraderLoop - INFO - [실전투자] 수동 매수 API 접수: 10.0개 @ 80,100원 지정가 / 응답: {'rt_cd': '7', 'msg_cd': 'KIOK0320', 'msg1': '장운영시간이 아닙니다'}
2026-09-21 08:00:57,789 - TraderLoop - ERROR - Error in Trader Loop: 'TraderLoop' object has no attribute 'db'
2026-09-21 08:01:00,802 - TraderLoop - ERROR - Error in Trader Loop: 'TraderLoop' object has no attribute 'db'
2026-09-21 08:01:03,810 - TraderLoop - ERROR - Error in Trader Loop: 'TraderLoop' object has no attribute 'db'
2026-09-21 08:01:06,812 - TraderLoop - ERROR - Error in Trader Loop: 'TraderLoop' object has no attribute 'db'
2026-09-21 08:01:09,813 - TraderLoop - ERROR - Error in Trader Loop: 'TraderLoop' object has no attribute 'db'
2026-09-21 08:01:12,816 - TraderLoop - ERROR - Error in Trader Loop: 'TraderLoop' object has no attribute 'db'
2026-09-21 08:01:15,827 - TraderLoop - ERROR - Error in Trader Loop: 'TraderLoop' object has no attribute 'db'
2026-09-21 08:01:18,835 - TraderLoop - ERROR - Error in Trader Loop: 'TraderLoop' object has no attribute 'db'
2026-09-21 08:01:21,841 - TraderLoop - ERROR - Error in Trader Loop: 'TraderLoop' object has no attribute 'db'
2026-09-21 08:01:24,855 - TraderLoop - ERROR - Error in Trader Loop: 'TraderLoop' object has no attribute 'db'
2026-09-21 08:01:27,869 - TraderLoop - ERROR - Error in Trader Loop: 'TraderLoop' object has no attribute 'db'
2026-09-21 08:01:30,873 - TraderLoop - ERROR - Error in Trader Loop: 'TraderLoop' object has no attribute 'db'
2026-09-21 08:01:33,885 - TraderLoop - ERROR - Error in Trader Loop: 'TraderLoop' object has no attribute 'db'
2026-09-21 08:01:36,898 - TraderLoop - ERROR - Error in Trader Loop: 'TraderLoop' object has no attribute 'db'
2026-09-21 08:01:39,902 - TraderLoop - ERROR - Error in Trader Loop: 'TraderLoop' object has no attribute 'db'
2026-09-21 08:01:42,914 - TraderLoop - ERROR - Error in Trader Loop: 'TraderLoop' object has no attribute 'db'
2026-09-21 08:01:45,923 - TraderLoop - ERROR - Error in Trader Loop: 'TraderLoop' object has no attribute 'db'
2026-09-21 08:01:48,928 - TraderLoop - ERROR - Error in Trader Loop: 'TraderLoop' object has no attribute 'db'
2026-09-21 08:01:51,939 - TraderLoop - ERROR - Error in Trader Loop: 'TraderLoop' object has no attribute 'db'
2026-09-21 08:01:54,943 - TraderLoop - ERROR - Error in Trader Loop: 'TraderLoop' object has no attribute 'db'
2026-09-21 08:01:57,944 - TraderLoop - ERROR - Error in Trader Loop: 'TraderLoop' object has no attribute 'db'
2026-09-21 08:01:58,803 - TraderLoop - INFO - [실전투자] 수동 매수 API 접수: 1.0개 @ 80,100원 지정가 / 응답: {'rt_cd': '7', 'msg_cd': 'KIOK0320', 'msg1': '장운영시간이 아닙니다'}
2026-09-21 08:02:00,970 - TraderLoop - ERROR - Error in Trader Loop: 'TraderLoop' object has no attribute 'db'
2026-09-21 08:02:03,973 - TraderLoop - ERROR - Error in Trader Loop: 'TraderLoop' object has no attribute 'db'
2026-09-21 08:02:06,980 - TraderLoop - ERROR - Error in Trader Loop: 'TraderLoop' object has no attribute 'db'
2026-09-21 08:02:09,983 - TraderLoop - ERROR - Error in Trader Loop: 'TraderLoop' object has no attribute 'db'
2026-09-21 08:02:12,988 - TraderLoop - ERROR - Error in Trader Loop: 'TraderLoop' object has no attribute 'db'
2026-09-21 08:02:15,994 - TraderLoop - ERROR - Error in Trader Loop: 'TraderLoop' object has no attribute 'db'
2026-09-21 08:02:19,003 - TraderLoop - ERROR - Error in Trader Loop: 'TraderLoop' object has no attribute 'db'
2026-09-21 08:02:22,007 - TraderLoop - ERROR - Error in Trader Loop: 'TraderLoop' object has no attribute 'db'
2026-09-21 08:02:25,018 - TraderLoop - ERROR - Error in Trader Loop: 'TraderLoop' object has no attribute 'db'
2026-09-21 08:02:28,032 - TraderLoop - ERROR - Error in Trader Loop: 'TraderLoop' object has no attribute 'db'
2026-09-21 08:02:31,034 - TraderLoop - ERROR - Error in Trader Loop: 'TraderLoop' object has no attribute 'db'
2026-09-21 08:02:34,036 - TraderLoop - ERROR - Error in Trader Loop: 'TraderLoop' object has no attribute 'db'
2026-09-21 08:02:37,041 - TraderLoop - ERROR - Error in Trader Loop: 'TraderLoop' object has no attribute 'db'
2026-09-21 08:02:40,043 - TraderLoop - ERROR - Error in Trader Loop: 'TraderLoop' object has no attribute 'db'
2026-09-21 08:02:43,056 - TraderLoop - ERROR - Error in Trader Loop: 'TraderLoop' object has no attribute 'db'
2026-09-21 08:02:46,071 - TraderLoop - ERROR - Error in Trader Loop: 'TraderLoop' object has no attribute 'db'
2026-09-21 08:02:49,074 - TraderLoop - ERROR - Error in Trader Loop: 'TraderLoop' object has no attribute 'db'
2026-09-21 08:02:52,076 - TraderLoop - ERROR - Error in Trader Loop: 'TraderLoop' object has no attribute 'db'
2026-09-21 08:02:55,082 - TraderLoop - ERROR - Error in Trader Loop: 'TraderLoop' object has no attribute 'db'
2026-09-21 08:02:58,110 - TraderLoop - ERROR - Error in Trader Loop: 'TraderLoop' object has no attribute 'db'
2026-09-21 08:03:01,115 - TraderLoop - ERROR - Error in Trader Loop: 'TraderLoop' object has no attribute 'db'
2026-09-21 08:03:04,128 - TraderLoop - ERROR - Error in Trader Loop: 'TraderLoop' object has no attribute 'db'
2026-09-21 08:03:07,153 - TraderLoop - ERROR - Error in Trader Loop: 'TraderLoop' object has no attribute 'db'
2026-09-21 08:03:10,214 - TraderLoop - ERROR - Error in Trader Loop: 'TraderLoop' object has no attribute 'db'
2026-09-21 08:03:13,257 - TraderLoop - ERROR - Error in Trader Loop: 'TraderLoop' object has no attribute 'db'
2026-09-21 08:03:16,272 - TraderLoop - ERROR - Error in Trader Loop: 'TraderLoop' object has no attribute 'db'
2026-09-21 08:03:19,320 - TraderLoop - ERROR - Error in Trader Loop: 'TraderLoop' object has no attribute 'db'
2026-09-21 08:03:22,336 - TraderLoop - ERROR - Error in Trader Loop: 'TraderLoop' object has no attribute 'db'
2026-09-21 08:03:25,338 - TraderLoop - ERROR - Error in Trader Loop: 'TraderLoop' object has no attribute 'db'
2026-09-21 08:03:28,365 - TraderLoop - ERROR - Error in Trader Loop: 'TraderLoop' object has no attribute 'db'
2026-09-21 08:03:31,378 - TraderLoop - ERROR - Error in Trader Loop: 'TraderLoop' object has no attribute 'db'
2026-09-21 08:03:34,390 - TraderLoop - ERROR - Error in Trader Loop: 'TraderLoop' object has no attribute 'db'
2026-09-21 08:03:37,405 - TraderLoop - ERROR - Error in Trader Loop: 'TraderLoop' object has no attribute 'db'
2026-09-21 08:03:40,421 - TraderLoop - ERROR - Error in Trader Loop: 'TraderLoop' object has no attribute 'db'
2026-09-21 08:03:43,429 - TraderLoop - ERROR - Error in Trader Loop: 'TraderLoop' object has no attribute 'db'
2026-09-21 08:03:46,440 - TraderLoop - ERROR - Error in Trader Loop: 'TraderLoop' object has no attribute 'db'
2026-09-21 08:03:49,443 - TraderLoop - ERROR - Error in Trader Loop: 'TraderLoop' object has no attribute 'db'
2026-09-21 08:03:52,452 - TraderLoop - ERROR - Error in Trader Loop: 'TraderLoop' object has no attribute 'db'
2026-09-21 08:03:55,462 - TraderLoop - ERROR - Error in Trader Loop: 'TraderLoop' object has no attribute 'db'
2026-09-21 08:03:58,472 - TraderLoop - ERROR - Error in Trader Loop: 'TraderLoop' object has no attribute 'db'
2026-09-21 08:04:01,486 - TraderLoop - ERROR - Error in Trader Loop: 'TraderLoop' object has no attribute 'db'
2026-09-21 08:04:04,497 - TraderLoop - ERROR - Error in Trader Loop: 'TraderLoop' object has no attribute 'db'
2026-09-21 08:04:07,499 - TraderLoop - ERROR - Error in Trader Loop: 'TraderLoop' object has no attribute 'db'
2026-09-21 08:04:10,501 - TraderLoop - ERROR - Error in Trader Loop: 'TraderLoop' object has no attribute 'db'
2026-09-21 08:04:13,512 - TraderLoop - ERROR - Error in Trader Loop: 'TraderLoop' object has no attribute 'db'
2026-09-21 08:04:16,523 - TraderLoop - ERROR - Error in Trader Loop: 'TraderLoop' object has no attribute 'db'
2026-09-21 08:04:19,532 - TraderLoop - ERROR - Error in Trader Loop: 'TraderLoop' object has no attribute 'db'
2026-09-21 08:04:22,547 - TraderLoop - ERROR - Error in Trader Loop: 'TraderLoop' object has no attribute 'db'
2026-09-21 08:04:25,558 - TraderLoop - ERROR - Error in Trader Loop: 'TraderLoop' object has no attribute 'db'
2026-09-21 08:04:28,564 - TraderLoop - ERROR - Error in Trader Loop: 'TraderLoop' object has no attribute 'db'
2026-09-21 08:04:31,568 - TraderLoop - ERROR - Error in Trader Loop: 'TraderLoop' object has no attribute 'db'
2026-09-21 08:04:34,583 - TraderLoop - ERROR - Error in Trader Loop: 'TraderLoop' object has no attribute 'db'
2026-09-21 08:04:37,595 - TraderLoop - ERROR - Error in Trader Loop: 'TraderLoop' object has no attribute 'db'
2026-09-21 08:04:40,607 - TraderLoop - ERROR - Error in Trader Loop: 'TraderLoop' object has no attribute 'db'
2026-09-21 08:04:43,614 - TraderLoop - ERROR - Error in Trader Loop: 'TraderLoop' object has no attribute 'db'
2026-09-21 08:04:46,625 - TraderLoop - ERROR - Error in Trader Loop: 'TraderLoop' object has no attribute 'db'
2026-09-21 08:04:49,630 - TraderLoop - ERROR - Error in Trader Loop: 'TraderLoop' object has no attribute 'db'
2026-09-21 08:04:52,631 - TraderLoop - ERROR - Error in Trader Loop: 'TraderLoop' object has no attribute 'db'
2026-09-21 08:04:55,643 - TraderLoop - ERROR - Error in Trader Loop: 'TraderLoop' object has no attribute 'db'
2026-09-21 08:04:58,647 - TraderLoop - ERROR - Error in Trader Loop: 'TraderLoop' object has no attribute 'db'
2026-09-21 08:05:01,662 - TraderLoop - ERROR - Error in Trader Loop: 'TraderLoop' object has no attribute 'db'
2026-09-21 08:05:04,678 - TraderLoop - ERROR - Error in Trader Loop: 'TraderLoop' object has no attribute 'db'
2026-09-21 08:05:07,692 - TraderLoop - ERROR - Error in Trader Loop: 'TraderLoop' object has no attribute 'db'
2026-09-21 08:05:10,706 - TraderLoop - ERROR - Error in Trader Loop: 'TraderLoop' object has no attribute 'db'
2026-09-21 08:05:13,720 - TraderLoop - ERROR - Error in Trader Loop: 'TraderLoop' object has no attribute 'db'
2026-09-21 08:05:16,734 - TraderLoop - ERROR - Error in Trader Loop: 'TraderLoop' object has no attribute 'db'
2026-09-21 08:05:19,746 - TraderLoop - ERROR - Error in Trader Loop: 'TraderLoop' object has no attribute 'db'
2026-09-21 08:05:22,752 - TraderLoop - ERROR - Error in Trader Loop: 'TraderLoop' object has no attribute 'db'
2026-09-21 08:05:25,755 - TraderLoop - ERROR - Error in Trader Loop: 'TraderLoop' object has no attribute 'db'
2026-09-21 08:05:28,768 - TraderLoop - ERROR - Error in Trader Loop: 'TraderLoop' object has no attribute 'db'
2026-09-21 08:05:31,769 - TraderLoop - ERROR - Error in Trader Loop: 'TraderLoop' object has no attribute 'db'
2026-09-21 08:05:34,776 - TraderLoop - ERROR - Error in Trader Loop: 'TraderLoop' object has no attribute 'db'
2026-09-21 08:05:37,782 - TraderLoop - ERROR - Error in Trader Loop: 'TraderLoop' object has no attribute 'db'
2026-09-21 08:05:40,793 - TraderLoop - ERROR - Error in Trader Loop: 'TraderLoop' object has no attribute 'db'
2026-09-21 08:05:43,801 - TraderLoop - ERROR - Error in Trader Loop: 'TraderLoop' object has no attribute 'db'
2026-09-21 08:05:46,811 - TraderLoop - ERROR - Error in Trader Loop: 'TraderLoop' object has no attribute 'db'
2026-09-21 08:05:49,816 - TraderLoop - ERROR - Error in Trader Loop: 'TraderLoop' object has no attribute 'db'
2026-09-21 08:05:52,828 - TraderLoop - ERROR - Error in Trader Loop: 'TraderLoop' object has no attribute 'db'
2026-09-21 08:05:55,835 - TraderLoop - ERROR - Error in Trader Loop: 'TraderLoop' object has no attribute 'db'
2026-09-21 08:05:58,838 - TraderLoop - ERROR - Error in Trader Loop: 'TraderLoop' object has no attribute 'db'
2026-09-21 08:06:01,846 - TraderLoop - ERROR - Error in Trader Loop: 'TraderLoop' object has no attribute 'db'
2026-09-21 08:06:04,875 - TraderLoop - ERROR - Error in Trader Loop: 'TraderLoop' object has no attribute 'db'
2026-09-21 08:06:07,879 - TraderLoop - ERROR - Error in Trader Loop: 'TraderLoop' object has no attribute 'db'
2026-09-21 08:06:10,892 - TraderLoop - ERROR - Error in Trader Loop: 'TraderLoop' object has no attribute 'db'
2026-09-21 08:06:13,906 - TraderLoop - ERROR - Error in Trader Loop: 'TraderLoop' object has no attribute 'db'
2026-09-21 08:06:16,911 - TraderLoop - ERROR - Error in Trader Loop: 'TraderLoop' object has no attribute 'db'
2026-09-21 08:06:19,957 - TraderLoop - ERROR - Error in Trader Loop: 'TraderLoop' object has no attribute 'db'
2026-09-21 08:06:22,964 - TraderLoop - ERROR - Error in Trader Loop: 'TraderLoop' object has no attribute 'db'
2026-09-21 08:06:25,975 - TraderLoop - ERROR - Error in Trader Loop: 'TraderLoop' object has no attribute 'db'
2026-09-21 08:06:28,989 - TraderLoop - ERROR - Error in Trader Loop: 'TraderLoop' object has no attribute 'db'
2026-09-21 08:06:32,003 - TraderLoop - ERROR - Error in Trader Loop: 'TraderLoop' object has no attribute 'db'
2026-09-21 08:06:35,017 - TraderLoop - ERROR - Error in Trader Loop: 'TraderLoop' object has no attribute 'db'
2026-09-21 08:06:38,027 - TraderLoop - ERROR - Error in Trader Loop: 'TraderLoop' object has no attribute 'db'
2026-09-21 08:06:41,040 - TraderLoop - ERROR - Error in Trader Loop: 'TraderLoop' object has no attribute 'db'
2026-09-21 08:06:44,053 - TraderLoop - ERROR - Error in Trader Loop: 'TraderLoop' object has no attribute 'db'
2026-09-21 08:06:47,062 - TraderLoop - ERROR - Error in Trader Loop: 'TraderLoop' object has no attribute 'db'
2026-09-21 08:06:50,075 - TraderLoop - ERROR - Error in Trader Loop: 'TraderLoop' object has no attribute 'db'
2026-09-21 08:06:53,085 - TraderLoop - ERROR - Error in Trader Loop: 'TraderLoop' object has no attribute 'db'
2026-09-21 08:06:56,097 - TraderLoop - ERROR - Error in Trader Loop: 'TraderLoop' object has no attribute 'db'
2026-09-21 08:06:59,109 - TraderLoop - ERROR - Error in Trader Loop: 'TraderLoop' object has no attribute 'db'
2026-09-21 08:07:02,124 - TraderLoop - ERROR - Error in Trader Loop: 'TraderLoop' object has no attribute 'db'
2026-09-21 08:07:05,132 - TraderLoop - ERROR - Error in Trader Loop: 'TraderLoop' object has no attribute 'db'
2026-09-21 08:07:08,136 - TraderLoop - ERROR - Error in Trader Loop: 'TraderLoop' object has no attribute 'db'
2026-09-21 08:07:11,141 - TraderLoop - ERROR - Error in Trader Loop: 'TraderLoop' object has no attribute 'db'
2026-09-21 08:07:14,142 - TraderLoop - ERROR - Error in Trader Loop: 'TraderLoop' object has no attribute 'db'
2026-09-21 08:07:17,150 - TraderLoop - ERROR - Error in Trader Loop: 'TraderLoop' object has no attribute 'db'
2026-09-21 08:07:20,158 - TraderLoop - ERROR - Error in Trader Loop: 'TraderLoop' object has no attribute 'db'
2026-09-21 08:07:23,167 - TraderLoop - ERROR - Error in Trader Loop: 'TraderLoop' object has no attribute 'db'
2026-09-21 08:07:26,179 - TraderLoop - ERROR - Error in Trader Loop: 'TraderLoop' object has no attribute 'db'
2026-09-21 08:07:29,183 - TraderLoop - ERROR - Error in Trader Loop: 'TraderLoop' object has no attribute 'db'
2026-09-21 08:07:32,186 - TraderLoop - ERROR - Error in Trader Loop: 'TraderLoop' object has no attribute 'db'
2026-09-21 08:07:35,187 - TraderLoop - ERROR - Error in Trader Loop: 'TraderLoop' object has no attribute 'db'
2026-09-21 08:07:38,194 - TraderLoop - ERROR - Error in Trader Loop: 'TraderLoop' object has no attribute 'db'
2026-09-21 08:07:41,203 - TraderLoop - ERROR - Error in Trader Loop: 'TraderLoop' object has no attribute 'db'
2026-09-21 08:07:44,214 - TraderLoop - ERROR - Error in Trader Loop: 'TraderLoop' object has no attribute 'db'
2026-09-21 08:07:47,219 - TraderLoop - ERROR - Error in Trader Loop: 'TraderLoop' object has no attribute 'db'
2026-09-21 08:07:50,223 - TraderLoop - ERROR - Error in Trader Loop: 'TraderLoop' object has no attribute 'db'
2026-09-21 08:07:53,238 - TraderLoop - ERROR - Error in Trader Loop: 'TraderLoop' object has no attribute 'db'
2026-09-21 08:07:56,251 - TraderLoop - ERROR - Error in Trader Loop: 'TraderLoop' object has no attribute 'db'
2026-09-21 08:07:59,265 - TraderLoop - ERROR - Error in Trader Loop: 'TraderLoop' object has no attribute 'db'
2026-09-21 08:08:02,279 - TraderLoop - ERROR - Error in Trader Loop: 'TraderLoop' object has no attribute 'db'
2026-09-21 08:08:05,292 - TraderLoop - ERROR - Error in Trader Loop: 'TraderLoop' object has no attribute 'db'
2026-09-21 08:08:08,305 - TraderLoop - ERROR - Error in Trader Loop: 'TraderLoop' object has no attribute 'db'
2026-09-21 08:08:11,315 - TraderLoop - ERROR - Error in Trader Loop: 'TraderLoop' object has no attribute 'db'
2026-09-21 08:08:14,324 - TraderLoop - ERROR - Error in Trader Loop: 'TraderLoop' object has no attribute 'db'
2026-09-21 08:08:17,335 - TraderLoop - ERROR - Error in Trader Loop: 'TraderLoop' object has no attribute 'db'
2026-09-21 08:08:20,336 - TraderLoop - ERROR - Error in Trader Loop: 'TraderLoop' object has no attribute 'db'
2026-09-21 08:08:23,344 - TraderLoop - ERROR - Error in Trader Loop: 'TraderLoop' object has no attribute 'db'
2026-09-21 08:08:26,350 - TraderLoop - ERROR - Error in Trader Loop: 'TraderLoop' object has no attribute 'db'
2026-09-21 08:08:29,361 - TraderLoop - ERROR - Error in Trader Loop: 'TraderLoop' object has no attribute 'db'
2026-09-21 08:08:32,368 - TraderLoop - ERROR - Error in Trader Loop: 'TraderLoop' object has no attribute 'db'
2026-09-21 08:08:35,374 - TraderLoop - ERROR - Error in Trader Loop: 'TraderLoop' object has no attribute 'db'
2026-09-21 08:08:38,389 - TraderLoop - ERROR - Error in Trader Loop: 'TraderLoop' object has no attribute 'db'
2026-09-21 08:08:41,390 - TraderLoop - ERROR - Error in Trader Loop: 'TraderLoop' object has no attribute 'db'
2026-09-21 08:08:44,404 - TraderLoop - ERROR - Error in Trader Loop: 'TraderLoop' object has no attribute 'db'
2026-09-21 08:08:47,412 - TraderLoop - ERROR - Error in Trader Loop: 'TraderLoop' object has no attribute 'db'
2026-09-21 08:08:50,421 - TraderLoop - ERROR - Error in Trader Loop: 'TraderLoop' object has no attribute 'db'
2026-09-21 08:08:53,428 - TraderLoop - ERROR - Error in Trader Loop: 'TraderLoop' object has no attribute 'db'
2026-09-21 08:08:56,444 - TraderLoop - ERROR - Error in Trader Loop: 'TraderLoop' object has no attribute 'db'
2026-09-21 08:08:59,454 - TraderLoop - ERROR - Error in Trader Loop: 'TraderLoop' object has no attribute 'db'
2026-09-21 08:09:02,461 - TraderLoop - ERROR - Error in Trader Loop: 'TraderLoop' object has no attribute 'db'
2026-09-21 08:09:05,473 - TraderLoop - ERROR - Error in Trader Loop: 'TraderLoop' object has no attribute 'db'
2026-09-21 08:09:08,478 - TraderLoop - ERROR - Error in Trader Loop: 'TraderLoop' object has no attribute 'db'
2026-09-21 08:09:11,479 - TraderLoop - ERROR - Error in Trader Loop: 'TraderLoop' object has no attribute 'db'
2026-09-21 08:09:14,486 - TraderLoop - ERROR - Error in Trader Loop: 'TraderLoop' object has no attribute 'db'
2026-09-21 08:09:17,491 - TraderLoop - ERROR - Error in Trader Loop: 'TraderLoop' object has no attribute 'db'
2026-09-21 08:09:20,497 - TraderLoop - ERROR - Error in Trader Loop: 'TraderLoop' object has no attribute 'db'
2026-09-21 08:09:23,510 - TraderLoop - ERROR - Error in Trader Loop: 'TraderLoop' object has no attribute 'db'
2026-09-21 08:09:26,518 - TraderLoop - ERROR - Error in Trader Loop: 'TraderLoop' object has no attribute 'db'
2026-09-21 08:09:29,520 - TraderLoop - ERROR - Error in Trader Loop: 'TraderLoop' object has no attribute 'db'
2026-09-21 08:09:32,534 - TraderLoop - ERROR - Error in Trader Loop: 'TraderLoop' object has no attribute 'db'
2026-09-21 08:09:35,545 - TraderLoop - ERROR - Error in Trader Loop: 'TraderLoop' object has no attribute 'db'
2026-09-21 08:09:38,560 - TraderLoop - ERROR - Error in Trader Loop: 'TraderLoop' object has no attribute 'db'
2026-09-21 08:09:40,479 - TraderLoop - INFO - TraderLoop stop requested.
2026-09-21 08:10:13,289 - TraderLoop - INFO - TraderLoop start requested.
2026-09-21 08:10:13,924 - TraderLoop - INFO - Trader Loop is now running...
2026-09-21 08:10:13,924 - TraderLoop - ERROR - Error in Trader Loop: 'TraderLoop' object has no attribute 'db'
2026-09-21 08:10:16,936 - TraderLoop - ERROR - Error in Trader Loop: 'TraderLoop' object has no attribute 'db'
2026-09-21 08:10:19,952 - TraderLoop - ERROR - Error in Trader Loop: 'TraderLoop' object has no attribute 'db'
2026-09-21 08:10:22,966 - TraderLoop - ERROR - Error in Trader Loop: 'TraderLoop' object has no attribute 'db'
2026-09-21 08:10:25,977 - TraderLoop - ERROR - Error in Trader Loop: 'TraderLoop' object has no attribute 'db'
2026-09-21 08:10:28,988 - TraderLoop - ERROR - Error in Trader Loop: 'TraderLoop' object has no attribute 'db'
2026-09-21 08:10:31,995 - TraderLoop - ERROR - Error in Trader Loop: 'TraderLoop' object has no attribute 'db'
2026-09-21 08:10:35,010 - TraderLoop - ERROR - Error in Trader Loop: 'TraderLoop' object has no attribute 'db'
2026-09-21 08:10:37,504 - TraderLoop - INFO - [실전투자] 수동 매수 API 접수: 1.0개 @ 79,100원 지정가 / 응답: {'rt_cd': '7', 'msg_cd': 'KIOK0320', 'msg1': '장운영시간이 아닙니다'}
2026-09-21 08:10:38,020 - TraderLoop - ERROR - Error in Trader Loop: 'TraderLoop' object has no attribute 'db'
2026-09-21 08:10:41,027 - TraderLoop - ERROR - Error in Trader Loop: 'TraderLoop' object has no attribute 'db'
2026-09-21 08:10:44,030 - TraderLoop - ERROR - Error in Trader Loop: 'TraderLoop' object has no attribute 'db'
2026-09-21 08:10:47,038 - TraderLoop - ERROR - Error in Trader Loop: 'TraderLoop' object has no attribute 'db'
2026-09-21 08:10:50,053 - TraderLoop - ERROR - Error in Trader Loop: 'TraderLoop' object has no attribute 'db'
2026-09-21 08:10:53,060 - TraderLoop - ERROR - Error in Trader Loop: 'TraderLoop' object has no attribute 'db'
2026-09-21 08:10:56,076 - TraderLoop - ERROR - Error in Trader Loop: 'TraderLoop' object has no attribute 'db'
2026-09-21 08:10:59,087 - TraderLoop - ERROR - Error in Trader Loop: 'TraderLoop' object has no attribute 'db'
2026-09-21 08:11:02,088 - TraderLoop - ERROR - Error in Trader Loop: 'TraderLoop' object has no attribute 'db'
2026-09-21 08:11:05,102 - TraderLoop - ERROR - Error in Trader Loop: 'TraderLoop' object has no attribute 'db'
2026-09-21 08:11:08,115 - TraderLoop - ERROR - Error in Trader Loop: 'TraderLoop' object has no attribute 'db'
2026-09-21 08:11:11,118 - TraderLoop - ERROR - Error in Trader Loop: 'TraderLoop' object has no attribute 'db'
2026-09-21 08:11:14,132 - TraderLoop - ERROR - Error in Trader Loop: 'TraderLoop' object has no attribute 'db'
2026-09-21 08:11:17,145 - TraderLoop - ERROR - Error in Trader Loop: 'TraderLoop' object has no attribute 'db'
2026-09-21 08:11:20,164 - TraderLoop - ERROR - Error in Trader Loop: 'TraderLoop' object has no attribute 'db'
2026-09-21 08:11:23,204 - TraderLoop - ERROR - Error in Trader Loop: 'TraderLoop' object has no attribute 'db'
2026-09-21 08:11:26,220 - TraderLoop - ERROR - Error in Trader Loop: 'TraderLoop' object has no attribute 'db'
2026-09-21 08:11:29,235 - TraderLoop - ERROR - Error in Trader Loop: 'TraderLoop' object has no attribute 'db'
2026-09-21 08:11:32,246 - TraderLoop - ERROR - Error in Trader Loop: 'TraderLoop' object has no attribute 'db'
2026-09-21 08:11:35,278 - TraderLoop - ERROR - Error in Trader Loop: 'TraderLoop' object has no attribute 'db'
2026-09-21 08:11:38,294 - TraderLoop - ERROR - Error in Trader Loop: 'TraderLoop' object has no attribute 'db'
2026-09-21 08:11:41,310 - TraderLoop - ERROR - Error in Trader Loop: 'TraderLoop' object has no attribute 'db'
2026-09-21 08:11:44,341 - TraderLoop - ERROR - Error in Trader Loop: 'TraderLoop' object has no attribute 'db'
2026-09-21 08:11:47,369 - TraderLoop - ERROR - Error in Trader Loop: 'TraderLoop' object has no attribute 'db'
2026-09-21 08:11:50,379 - TraderLoop - ERROR - Error in Trader Loop: 'TraderLoop' object has no attribute 'db'
2026-09-21 08:11:53,381 - TraderLoop - ERROR - Error in Trader Loop: 'TraderLoop' object has no attribute 'db'
2026-09-21 08:11:56,396 - TraderLoop - ERROR - Error in Trader Loop: 'TraderLoop' object has no attribute 'db'
2026-09-21 08:11:59,470 - TraderLoop - ERROR - Error in Trader Loop: 'TraderLoop' object has no attribute 'db'
2026-09-21 08:12:02,476 - TraderLoop - ERROR - Error in Trader Loop: 'TraderLoop' object has no attribute 'db'
2026-09-21 08:12:05,484 - TraderLoop - ERROR - Error in Trader Loop: 'TraderLoop' object has no attribute 'db'
2026-09-21 08:12:08,491 - TraderLoop - ERROR - Error in Trader Loop: 'TraderLoop' object has no attribute 'db'
2026-09-21 08:12:11,492 - TraderLoop - ERROR - Error in Trader Loop: 'TraderLoop' object has no attribute 'db'
2026-09-21 08:12:14,494 - TraderLoop - ERROR - Error in Trader Loop: 'TraderLoop' object has no attribute 'db'
2026-09-21 08:12:17,502 - TraderLoop - ERROR - Error in Trader Loop: 'TraderLoop' object has no attribute 'db'
2026-09-21 08:12:20,510 - TraderLoop - ERROR - Error in Trader Loop: 'TraderLoop' object has no attribute 'db'
2026-09-21 08:12:23,512 - TraderLoop - ERROR - Error in Trader Loop: 'TraderLoop' object has no attribute 'db'
2026-09-21 08:12:26,528 - TraderLoop - ERROR - Error in Trader Loop: 'TraderLoop' object has no attribute 'db'
2026-09-21 08:12:29,533 - TraderLoop - ERROR - Error in Trader Loop: 'TraderLoop' object has no attribute 'db'
2026-09-21 08:12:32,543 - TraderLoop - ERROR - Error in Trader Loop: 'TraderLoop' object has no attribute 'db'
2026-09-21 08:12:35,556 - TraderLoop - ERROR - Error in Trader Loop: 'TraderLoop' object has no attribute 'db'
2026-09-21 08:12:38,559 - TraderLoop - ERROR - Error in Trader Loop: 'TraderLoop' object has no attribute 'db'
2026-09-21 08:12:41,560 - TraderLoop - ERROR - Error in Trader Loop: 'TraderLoop' object has no attribute 'db'
2026-09-21 08:12:44,575 - TraderLoop - ERROR - Error in Trader Loop: 'TraderLoop' object has no attribute 'db'
2026-09-21 08:12:47,582 - TraderLoop - ERROR - Error in Trader Loop: 'TraderLoop' object has no attribute 'db'
2026-09-21 08:12:50,591 - TraderLoop - ERROR - Error in Trader Loop: 'TraderLoop' object has no attribute 'db'
2026-09-21 08:12:53,607 - TraderLoop - ERROR - Error in Trader Loop: 'TraderLoop' object has no attribute 'db'
2026-09-21 08:12:56,553 - TraderLoop - INFO - TraderLoop stop requested.
2026-09-21 08:12:57,586 - TraderLoop - INFO - Trader Loop Stopped.
2026-09-21 08:13:18,597 - TraderLoop - INFO - TraderLoop start requested.
2026-09-21 08:13:19,103 - TraderLoop - INFO - Trader Loop is now running...
2026-09-21 08:13:19,103 - TraderLoop - INFO - 🔄 [자동 동기화 스킵] 활성화된 포지션(미체결 주문)이 없어 동기화를 건너뜁니다.
2026-09-21 08:13:52,161 - TraderLoop - INFO - [실전투자] 수동 매수 API 접수: 1.0개 @ 79,100원 지정가 / 응답: {'rt_cd': '7', 'msg_cd': 'KIOK0320', 'msg1': '장운영시간이 아닙니다'}
2026-09-21 08:19:01,797 - TraderLoop - ERROR - Error in Trader Loop: HTTPSConnectionPool(host='openapi.koreainvestment.com', port=9443): Max retries exceeded with url: /uapi/domestic-stock/v1/quotations/inquire-price?FID_COND_MRKT_DIV_CODE=J&FID_INPUT_ISCD=042660 (Caused by NameResolutionError("HTTPSConnection(host='openapi.koreainvestment.com', port=9443): Failed to resolve 'openapi.koreainvestment.com' ([Errno 11001] getaddrinfo failed)"))
2026-09-21 08:19:05,255 - TraderLoop - ERROR - Error in Trader Loop: HTTPSConnectionPool(host='openapi.koreainvestment.com', port=9443): Max retries exceeded with url: /uapi/domestic-stock/v1/quotations/inquire-price?FID_COND_MRKT_DIV_CODE=J&FID_INPUT_ISCD=042660 (Caused by NameResolutionError("HTTPSConnection(host='openapi.koreainvestment.com', port=9443): Failed to resolve 'openapi.koreainvestment.com' ([Errno 11001] getaddrinfo failed)"))
2026-09-21 08:29:49,590 - TraderLoop - INFO - [실전투자] 수동 매수 API 접수: 1.0개 @ 79,100원 지정가 / 응답: {'rt_cd': '0', 'msg_cd': 'APBK0013', 'msg1': '주문 전송 완료 되었습니다.', 'output': {'KRX_FWDG_ORD_ORGNO': '91251', 'ODNO': '0001584400', 'ORD_TMD': '082949', 'SOR_ODNO': ''}}
2026-09-21 08:30:40,712 - TraderLoop - ERROR - API Cancel Failed for 0001584400: Expecting value: line 1 column 1 (char 0)
2026-09-21 08:30:40,712 - TraderLoop - ERROR - 주문 취소 API 에러로 DB 삭제 보류 (ID: 275)
2026-09-21 08:30:48,325 - TraderLoop - ERROR - API Cancel Failed for 0001584400: Expecting value: line 1 column 1 (char 0)
2026-09-21 08:30:48,325 - TraderLoop - ERROR - 주문 취소 API 에러로 DB 삭제 보류 (ID: 275)
2026-09-21 08:31:29,121 - TraderLoop - ERROR - API Cancel Failed for 0001584400: Expecting value: line 1 column 1 (char 0)
2026-09-21 08:31:29,121 - TraderLoop - ERROR - 주문 취소 API 에러로 DB 삭제 보류 (ID: 275)
2026-09-21 08:36:52,967 - TraderLoop - ERROR - Error in Trader Loop: HTTPSConnectionPool(host='openapi.koreainvestment.com', port=9443): Max retries exceeded with url: /uapi/domestic-stock/v1/quotations/inquire-price?FID_COND_MRKT_DIV_CODE=J&FID_INPUT_ISCD=042660 (Caused by NameResolutionError("HTTPSConnection(host='openapi.koreainvestment.com', port=9443): Failed to resolve 'openapi.koreainvestment.com' ([Errno 11001] getaddrinfo failed)"))
2026-09-21 08:36:57,047 - TraderLoop - ERROR - Error in Trader Loop: HTTPSConnectionPool(host='openapi.koreainvestment.com', port=9443): Max retries exceeded with url: /uapi/domestic-stock/v1/quotations/inquire-price?FID_COND_MRKT_DIV_CODE=J&FID_INPUT_ISCD=042660 (Caused by NameResolutionError("HTTPSConnection(host='openapi.koreainvestment.com', port=9443): Failed to resolve 'openapi.koreainvestment.com' ([Errno 11001] getaddrinfo failed)"))
2026-09-21 08:37:55,260 - TraderLoop - INFO - TraderLoop stop requested.
2026-09-21 08:38:15,956 - TraderLoop - INFO - TraderLoop start requested.
2026-09-21 08:38:16,582 - TraderLoop - INFO - Trader Loop is now running...
2026-09-21 08:38:16,583 - TraderLoop - INFO - 🔄 [자동 동기화] 잔고 및 거래소 미체결 내역 동기화 실행
2026-09-21 08:39:08,046 - TraderLoop - ERROR - API Cancel Failed for 0001584400: Expecting value: line 1 column 1 (char 0)
2026-09-21 08:39:08,046 - TraderLoop - WARNING - API 취소 실패 (ID: 275, ODNO: 0001584400): Expecting value: line 1 column 1 (char 0). DB에서는 제거합니다.
2026-09-21 08:46:25,329 - TraderLoop - INFO - TraderLoop stop requested.
2026-09-21 08:46:27,828 - TraderLoop - INFO - TraderLoop start requested.
2026-09-21 08:46:28,302 - TraderLoop - INFO - Trader Loop is now running...
2026-09-21 08:46:28,303 - TraderLoop - INFO - 🔄 [자동 동기화 스킵] 활성화된 포지션(미체결 주문)이 없어 동기화를 건너뜁니다.
2026-09-21 08:47:07,844 - TraderLoop - INFO - TraderLoop stop requested.
2026-09-21 08:47:10,199 - TraderLoop - INFO - TraderLoop start requested.
2026-09-21 08:47:10,630 - TraderLoop - INFO - Trader Loop is now running...
2026-09-21 08:47:10,632 - TraderLoop - INFO - 🔄 [자동 동기화 스킵] 활성화된 포지션(미체결 주문)이 없어 동기화를 건너뜁니다.
2026-09-21 08:48:46,038 - TraderLoop - INFO - [실전투자] 수동 매수 API 접수: 1.0개 @ 79,100원 지정가 / 응답: {'rt_cd': '0', 'msg_cd': 'APBK0013', 'msg1': '주문 전송 완료 되었습니다.', 'output': {'KRX_FWDG_ORD_ORGNO': '91251', 'ODNO': '0002181600', 'ORD_TMD': '084846', 'SOR_ODNO': ''}}
2026-09-21 08:49:07,539 - TraderLoop - ERROR - API Cancel Failed for 0002181600: KIS Cancel Error: {'rt_cd': '9', 'msg_cd': 'EMPTY_RESPONSE', 'msg1': '증권사 서버 빈 응답 (HTTP 404)'}
2026-09-21 08:49:07,539 - TraderLoop - ERROR - API 취소 실패 (ID: 276, ODNO: 0002181600): KIS Cancel Error: {'rt_cd': '9', 'msg_cd': 'EMPTY_RESPONSE', 'msg1': '증권사 서버 빈 응답 (HTTP 404)'}
2026-09-21 08:55:07,932 - TraderLoop - INFO - TraderLoop stop requested.
2026-09-21 08:55:19,449 - TraderLoop - INFO - TraderLoop start requested.
2026-09-21 08:55:20,036 - TraderLoop - INFO - Trader Loop is now running...
2026-09-21 08:55:20,037 - TraderLoop - INFO - 🔄 [자동 동기화] 잔고 및 거래소 미체결 내역 동기화 실행
2026-09-21 08:56:19,401 - TraderLoop - INFO - [실전투자] 수동 매수 API 접수: 1.0개 @ 79,100원 지정가 / 응답: {'rt_cd': '0', 'msg_cd': 'APBK0013', 'msg1': '주문 전송 완료 되었습니다.', 'output': {'KRX_FWDG_ORD_ORGNO': '91251', 'ODNO': '0002479900', 'ORD_TMD': '085619', 'SOR_ODNO': ''}}
2026-09-21 09:03:22,772 - TraderLoop - ERROR - KIS Balance Error: {'rt_cd': '1', 'msg1': '원장에서 허용 가능한 초당 거래건수를 초과하였습니다.', 'msg_cd': 'EGW00215'}
2026-09-21 09:03:54,281 - TraderLoop - INFO - [실전투자] 수동 매수 API 접수: 1.0개 @ 79,100원 지정가 / 응답: {'rt_cd': '0', 'msg_cd': 'APBK0013', 'msg1': '주문 전송 완료 되었습니다.', 'output': {'KRX_FWDG_ORD_ORGNO': '91251', 'ODNO': '0003197300', 'ORD_TMD': '090354', 'SOR_ODNO': ''}}
2026-09-21 09:04:07,776 - TraderLoop - ERROR - KIS Balance Error: {'rt_cd': '1', 'msg1': '원장에서 허용 가능한 초당 거래건수를 초과하였습니다.', 'msg_cd': 'EGW00215'}
2026-09-21 09:04:43,749 - TraderLoop - ERROR - KIS Balance Error: {'rt_cd': '1', 'msg1': '원장에서 허용 가능한 초당 거래건수를 초과하였습니다.', 'msg_cd': 'EGW00215'}
2026-09-21 09:05:56,410 - TraderLoop - INFO - TraderLoop stop requested.
2026-09-21 09:06:28,306 - TraderLoop - INFO - TraderLoop start requested.
2026-09-21 09:06:29,532 - TraderLoop - INFO - Trader Loop is now running...
2026-09-21 09:06:29,534 - TraderLoop - INFO - 🔄 [자동 동기화 스킵] 활성화된 포지션(미체결 주문)이 없어 동기화를 건너뜁니다.
2026-09-21 09:06:43,407 - TraderLoop - INFO - [실전투자] 수동 매수 API 접수: 1.0개 @ 79,100원 지정가 / 응답: {'rt_cd': '0', 'msg_cd': 'APBK0013', 'msg1': '주문 전송 완료 되었습니다.', 'output': {'KRX_FWDG_ORD_ORGNO': '91251', 'ODNO': '0003635100', 'ORD_TMD': '090643', 'SOR_ODNO': ''}}
2026-09-21 09:07:06,652 - TraderLoop - INFO - [실전투자] 수동 매수 API 접수: 1.0개 @ 79,100원 지정가 / 응답: {'rt_cd': '0', 'msg_cd': 'APBK0013', 'msg1': '주문 전송 완료 되었습니다.', 'output': {'KRX_FWDG_ORD_ORGNO': '91251', 'ODNO': '0003696100', 'ORD_TMD': '090706', 'SOR_ODNO': ''}}
2026-09-21 09:09:46,722 - TraderLoop - INFO - TraderLoop stop requested.
2026-09-21 09:09:49,317 - TraderLoop - INFO - TraderLoop start requested.
2026-09-21 09:09:52,656 - TraderLoop - INFO - Trader Loop is now running...
2026-09-21 09:09:52,657 - TraderLoop - INFO - 🔄 [자동 동기화] 잔고 및 거래소 미체결 내역 동기화 실행
2026-09-21 09:10:13,456 - TraderLoop - INFO - TraderLoop stop requested.
2026-09-21 09:10:15,154 - TraderLoop - INFO - TraderLoop start requested.
2026-09-21 09:10:16,733 - TraderLoop - INFO - Trader Loop is now running...
2026-09-21 09:10:16,735 - TraderLoop - INFO - 🔄 [자동 동기화] 잔고 및 거래소 미체결 내역 동기화 실행
2026-09-21 09:12:02,508 - TraderLoop - INFO - TraderLoop stop requested.
